region,country,is_diplomatic_outlet,is_state_media_outlet,is_confucius_institute,account_category,name,social_media_type,account,langs,link_or_handle,extracted_from_file,extracted_from_col
Asia-Pacific,AFGHANISTAN,Diplomatic outlet,0,0,Embassy,embassy_twitter_handle,tw,ChinaEmbKabul,"['english', 'pashto', 'persian']",handle,ChinaSocialMedia20200928.xlsx,Embassy Twitter handle without NA
Europe,ALBANIA,Diplomatic outlet,0,0,Embassy,embassy_twitter_handle,tw,ChinaembassyT,"['english', 'albanian', 'n/a']",handle,ChinaSocialMedia20200928.xlsx,Embassy Twitter handle without NA
Africa,ANGOLA,Diplomatic outlet,0,0,Embassy,embassy_twitter_handle,tw,ChinaEmbAngola,"['portuguese', 'english', 'n/a']",handle,ChinaSocialMedia20200928.xlsx,Embassy Twitter handle without NA
Americas,ARGENTINA,Diplomatic outlet,0,0,Embassy,embassy_twitter_handle,tw,ChinaEmbArg,"['spanish', 'english', 'n/a']",handle,ChinaSocialMedia20200928.xlsx,Embassy Twitter handle without NA
Europe,AUSTRIA,Diplomatic outlet,0,0,Embassy,embassy_twitter_handle,tw,chinaembaustria,"['english', 'german', 'n/a']",handle,ChinaSocialMedia20200928.xlsx,Embassy Twitter handle without NA
Americas,BRAZIL,Diplomatic outlet,0,0,Embassy,embassy_twitter_handle,tw,EmbaixadaChina,"['portuguese', 'english', 'n/a']",handle,ChinaSocialMedia20200928.xlsx,Embassy Twitter handle without NA
Africa,BURUNDI,Diplomatic outlet,0,0,Embassy,embassy_twitter_handle,tw,AmbChineBurundi,"['french', 'english', 'n/a']",handle,ChinaSocialMedia20200928.xlsx,Embassy Twitter handle without NA
Africa,CAMEROON,Diplomatic outlet,0,0,Embassy,embassy_twitter_handle,tw,AmbChineCmr,"['english', 'french', 'n/a']",handle,ChinaSocialMedia20200928.xlsx,Embassy Twitter handle without NA
Americas,CANADA,Diplomatic outlet,0,0,Embassy,embassy_twitter_handle,tw,ChinaEmbOttawa,"['english', 'n/a', 'n/a']",handle,ChinaSocialMedia20200928.xlsx,Embassy Twitter handle without NA
Africa,CHAD,Diplomatic outlet,0,0,Embassy,embassy_twitter_handle,tw,ambchinetchad,"['french', 'english', 'n/a']",handle,ChinaSocialMedia20200928.xlsx,Embassy Twitter handle without NA
Americas,CHILE,Diplomatic outlet,0,0,Embassy,embassy_twitter_handle,tw,ChinaEmbajada,"['spanish', 'n/a', 'n/a']",handle,ChinaSocialMedia20200928.xlsx,Embassy Twitter handle without NA
Americas,COLOMBIA,Diplomatic outlet,0,0,Embassy,embassy_twitter_handle,tw,china_embajada,"['spanish', 'english', 'n/a']",handle,ChinaSocialMedia20200928.xlsx,Embassy Twitter handle without NA
Americas,CUBA,Diplomatic outlet,0,0,Embassy,embassy_twitter_handle,tw,EmbChinaCuba,"['english', 'spanish', 'n/a']",handle,ChinaSocialMedia20200928.xlsx,Embassy Twitter handle without NA
Europe,CZECH REPUBLIC,Diplomatic outlet,0,0,Embassy,embassy_twitter_handle,tw,ChineseEmbinCZ,"['czech', 'n/a', 'n/a']",handle,ChinaSocialMedia20200928.xlsx,Embassy Twitter handle without NA
Africa,DEMOCRATIC REP OF CONGO (ex-Zaire),Diplomatic outlet,0,0,Embassy,embassy_twitter_handle,tw,AmbCHINEenRDC,"['french', 'english', 'n/a']",handle,ChinaSocialMedia20200928.xlsx,Embassy Twitter handle without NA
Europe,DENMARK,Diplomatic outlet,0,0,Embassy,embassy_twitter_handle,tw,ChinaInDenmark,"['english', 'n/a', 'n/a']",handle,ChinaSocialMedia20200928.xlsx,Embassy Twitter handle without NA
Africa,DJIBOUTI,Diplomatic outlet,0,0,Embassy,embassy_twitter_handle,tw,ChineAmbDjibout,"['french', 'english', 'n/a']",handle,ChinaSocialMedia20200928.xlsx,Embassy Twitter handle without NA
Americas,DOMINICAN REPUBLIC,Diplomatic outlet,0,0,Embassy,embassy_twitter_handle,tw,ChinaEmbajadaRD,"['spanish', 'n/a', 'n/a']",handle,ChinaSocialMedia20200928.xlsx,Embassy Twitter handle without NA
Americas,ECUADOR,Diplomatic outlet,0,0,Embassy,embassy_twitter_handle,tw,EmbajadaChinaEc,"['spanish', 'n/a', 'n/a']",handle,ChinaSocialMedia20200928.xlsx,Embassy Twitter handle without NA
Americas,EL SALVADOR,Diplomatic outlet,0,0,Embassy,embassy_twitter_handle,tw,EmbajadaChinaSV,"['spanish', 'n/a', 'n/a']",handle,ChinaSocialMedia20200928.xlsx,Embassy Twitter handle without NA
Africa,EQUATORIAL GUINEA,Diplomatic outlet,0,0,Embassy,embassy_twitter_handle,tw,EmbChinaGE,"['spanish', 'n/a', 'n/a']",handle,ChinaSocialMedia20200928.xlsx,Embassy Twitter handle without NA
Africa,ETHIOPIA,Diplomatic outlet,0,0,Embassy,embassy_twitter_handle,tw,ChinaEmbAddis,"['english', 'n/a', 'n/a']",handle,ChinaSocialMedia20200928.xlsx,Embassy Twitter handle without NA
Europe,EUROPEAN UNION (EU),Diplomatic outlet,0,0,Embassy,embassy_twitter_handle,tw,ChinaEUMission,"['english', 'n/a', 'n/a']",handle,ChinaSocialMedia20200928.xlsx,Embassy Twitter handle without NA
Europe,FRANCE,Diplomatic outlet,0,0,Embassy,embassy_twitter_handle,tw,AmbassadeChine,"['french', 'n/a', 'n/a']",handle,ChinaSocialMedia20200928.xlsx,Embassy Twitter handle without NA
Europe,GERMANY,Diplomatic outlet,0,0,Embassy,embassy_twitter_handle,tw,ChinaEmbGermany,"['german', 'english', 'n/a']",handle,ChinaSocialMedia20200928.xlsx,Embassy Twitter handle without NA
Africa,GHANA,Diplomatic outlet,0,0,Embassy,embassy_twitter_handle,tw,ChinaEmbinGH,"['english', 'n/a', 'n/a']",handle,ChinaSocialMedia20200928.xlsx,Embassy Twitter handle without NA
Africa,GUINEA,Diplomatic outlet,0,0,Embassy,embassy_twitter_handle,tw,chine_guinee,"['french', 'english', 'n/a']",handle,ChinaSocialMedia20200928.xlsx,Embassy Twitter handle without NA
Europe,HUNGARY,Diplomatic outlet,0,0,Embassy,embassy_twitter_handle,tw,ChineseEmbinHU,"['hungarian', 'english', 'n/a']",handle,ChinaSocialMedia20200928.xlsx,Embassy Twitter handle without NA
Middle East,IRAQ,Diplomatic outlet,0,0,Embassy,embassy_twitter_handle,tw,ChinaIraq,"['arabic', 'english', 'n/a']",handle,ChinaSocialMedia20200928.xlsx,Embassy Twitter handle without NA
Europe,IRELAND,Diplomatic outlet,0,0,Embassy,embassy_twitter_handle,tw,ChinaEmbIreland,"['english', 'n/a', 'n/a']",handle,ChinaSocialMedia20200928.xlsx,Embassy Twitter handle without NA
Europe,ITALY,Diplomatic outlet,0,0,Embassy,embassy_twitter_handle,tw,AmbCina,"['italian', 'n/a', 'n/a']",handle,ChinaSocialMedia20200928.xlsx,Embassy Twitter handle without NA
Asia-Pacific,JAPAN,Diplomatic outlet,0,0,Embassy,embassy_twitter_handle,tw,ChnEmbassy_jp,"['japanese', 'english', 'n/a']",handle,ChinaSocialMedia20200928.xlsx,Embassy Twitter handle without NA
Middle East,JORDAN,Diplomatic outlet,0,0,Embassy,embassy_twitter_handle,tw,ChineseembassyJ,"['arabic', 'english', 'n/a']",handle,ChinaSocialMedia20200928.xlsx,Embassy Twitter handle without NA
Eurasia,KAZAKHSTAN,Diplomatic outlet,0,0,Embassy,embassy_twitter_handle,tw,ChinaEmbKazakh,"['russian', 'n/a', 'n/a']",handle,ChinaSocialMedia20200928.xlsx,Embassy Twitter handle without NA
Africa,KENYA,Diplomatic outlet,0,0,Embassy,embassy_twitter_handle,tw,ChineseEmbKenya,"['english', 'n/a', 'n/a']",handle,ChinaSocialMedia20200928.xlsx,Embassy Twitter handle without NA
Africa,LIBERIA,Diplomatic outlet,0,0,Embassy,embassy_twitter_handle,tw,ChineseLiberia,"['english', 'n/a', 'n/a']",handle,ChinaSocialMedia20200928.xlsx,Embassy Twitter handle without NA
Africa,MALI,Diplomatic outlet,0,0,Embassy,embassy_twitter_handle,tw,Chine_au_Mali,"['french', 'n/a', 'n/a']",handle,ChinaSocialMedia20200928.xlsx,Embassy Twitter handle without NA
Africa,MAURITANIA,Diplomatic outlet,0,0,Embassy,embassy_twitter_handle,tw,ChinaEmbinMR,"['arabic', 'english', 'n/a']",handle,ChinaSocialMedia20200928.xlsx,Embassy Twitter handle without NA
Africa,NIGERIA,Diplomatic outlet,0,0,Embassy,embassy_twitter_handle,tw,china_emb_ng,"['english', 'n/a', 'n/a']",handle,ChinaSocialMedia20200928.xlsx,Embassy Twitter handle without NA
Asia-Pacific,PAKISTAN,Diplomatic outlet,0,0,Embassy,embassy_twitter_handle,tw,CathayPak,"['english', 'urdu', 'n/a']",handle,ChinaSocialMedia20200928.xlsx,Embassy Twitter handle without NA
Asia-Pacific,PAPUA NEW GUINEA,Diplomatic outlet,0,0,Embassy,embassy_twitter_handle,tw,ChineseEmb_PNG,"['english', 'n/a', 'n/a']",handle,ChinaSocialMedia20200928.xlsx,Embassy Twitter handle without NA
Americas,PERU,Diplomatic outlet,0,0,Embassy,embassy_twitter_handle,tw,ChinaEmbPeru,"['spanish', 'n/a', 'n/a']",handle,ChinaSocialMedia20200928.xlsx,Embassy Twitter handle without NA
Asia-Pacific,PHILIPPINES,Diplomatic outlet,0,0,Embassy,embassy_twitter_handle,tw,Chinaembmanila,"['english', 'n/a', 'n/a']",handle,ChinaSocialMedia20200928.xlsx,Embassy Twitter handle without NA
Europe,POLAND,Diplomatic outlet,0,0,Embassy,embassy_twitter_handle,tw,ChinaEmbPoland,"['english', 'polish', 'n/a']",handle,ChinaSocialMedia20200928.xlsx,Embassy Twitter handle without NA
Eurasia,RUSSIA,Diplomatic outlet,0,0,Embassy,embassy_twitter_handle,tw,ChineseEmbinRus,"['russian', 'n/a', 'n/a']",handle,ChinaSocialMedia20200928.xlsx,Embassy Twitter handle without NA
Asia-Pacific,SAMOA,Diplomatic outlet,0,0,Embassy,embassy_twitter_handle,tw,chinaandsamoa,"['english', 'n/a', 'n/a']",handle,ChinaSocialMedia20200928.xlsx,Embassy Twitter handle without NA
Middle East,SAUDI ARABIA,Diplomatic outlet,0,0,Embassy,embassy_twitter_handle,tw,ChinaEmbKSA,"['arabic', 'english', 'n/a']",handle,ChinaSocialMedia20200928.xlsx,Embassy Twitter handle without NA
Europe,SERBIA,Diplomatic outlet,0,0,Embassy,embassy_twitter_handle,tw,EmbChina_RS,"['serbian', 'n/a', 'n/a']",handle,ChinaSocialMedia20200928.xlsx,Embassy Twitter handle without NA
Europe,SLOVAKIA,Diplomatic outlet,0,0,Embassy,embassy_twitter_handle,tw,ChinaEmbSVK,"['slovak', 'english', 'n/a']",handle,ChinaSocialMedia20200928.xlsx,Embassy Twitter handle without NA
Europe,SLOVENIA,Diplomatic outlet,0,0,Embassy,embassy_twitter_handle,tw,ChinaEmSlovenia,"['english', 'n/a', 'n/a']",handle,ChinaSocialMedia20200928.xlsx,Embassy Twitter handle without NA
Africa,SOMALIA,Diplomatic outlet,0,0,Embassy,embassy_twitter_handle,tw,ChineseSomalia,"['english', 'n/a', 'n/a']",handle,ChinaSocialMedia20200928.xlsx,Embassy Twitter handle without NA
Africa,SOUTH AFRICA,Diplomatic outlet,0,0,Embassy,embassy_twitter_handle,tw,ChineseEmbSA,"['english', 'n/a', 'n/a']",handle,ChinaSocialMedia20200928.xlsx,Embassy Twitter handle without NA
Europe,SPAIN,Diplomatic outlet,0,0,Embassy,embassy_twitter_handle,tw,ChinaEmbEsp,"['spanish', 'n/a', 'n/a']",handle,ChinaSocialMedia20200928.xlsx,Embassy Twitter handle without NA
Asia-Pacific,SRI LANKA,Diplomatic outlet,0,0,Embassy,embassy_twitter_handle,tw,ChinaEmbSL,"['english', 'sinhalese', 'tamil']",handle,ChinaSocialMedia20200928.xlsx,Embassy Twitter handle without NA
Americas,SURINAM,Diplomatic outlet,0,0,Embassy,embassy_twitter_handle,tw,CHNEmbSuriname,"['n/a', 'n/a', 'n/a']",handle,ChinaSocialMedia20200928.xlsx,Embassy Twitter handle without NA
Europe,SWITZERLAND,Diplomatic outlet,0,0,Embassy,embassy_twitter_handle,tw,BotschaftChina,"['english', 'n/a', 'n/a']",handle,ChinaSocialMedia20200928.xlsx,Embassy Twitter handle without NA
Africa,TANZANIA,Diplomatic outlet,0,0,Embassy,embassy_twitter_handle,tw,ChineseEmbTZ,"['english', 'swahili', 'n/a']",handle,ChinaSocialMedia20200928.xlsx,Embassy Twitter handle without NA
Asia-Pacific,THAILAND,Diplomatic outlet,0,0,Embassy,embassy_twitter_handle,tw,chineseembassy1,"['english', 'thai', 'n/a']",handle,ChinaSocialMedia20200928.xlsx,Embassy Twitter handle without NA
Asia-Pacific,TONGA,Diplomatic outlet,0,0,Embassy,embassy_twitter_handle,tw,embassy_chinese,"['english', 'n/a', 'n/a']",handle,ChinaSocialMedia20200928.xlsx,Embassy Twitter handle without NA
Europe,TURKEY,Diplomatic outlet,0,0,Embassy,embassy_twitter_handle,tw,ChinaEmbTurkey,"['turkish', 'english', 'n/a']",handle,ChinaSocialMedia20200928.xlsx,Embassy Twitter handle without NA
Africa,UGANDA,Diplomatic outlet,0,0,Embassy,embassy_twitter_handle,tw,ChineseEmb_Uga,"['english', 'n/a', 'n/a']",handle,ChinaSocialMedia20200928.xlsx,Embassy Twitter handle without NA
Europe,UNITED KINGDOM,Diplomatic outlet,0,0,Embassy,embassy_twitter_handle,tw,ChineseEmbinUK,"['english', 'n/a', 'n/a']",handle,ChinaSocialMedia20200928.xlsx,Embassy Twitter handle without NA
International,UNITED NATIONS (GENEVA),Diplomatic outlet,0,0,Embassy,embassy_twitter_handle,tw,ChinaMissionGva,"['english', 'n/a', 'n/a']",handle,ChinaSocialMedia20200928.xlsx,Embassy Twitter handle without NA
International,UNITED NATIONS (NEW YORK),Diplomatic outlet,0,0,Embassy,embassy_twitter_handle,tw,Chinamission2un,"['english', 'n/a', 'n/a']",handle,ChinaSocialMedia20200928.xlsx,Embassy Twitter handle without NA
International,UNITED NATIONS (VIENNA),Diplomatic outlet,0,0,Embassy,embassy_twitter_handle,tw,ChinaMissionVie,"['english', 'n/a', 'n/a']",handle,ChinaSocialMedia20200928.xlsx,Embassy Twitter handle without NA
Americas,UNITED STATES OF AMERICA,Diplomatic outlet,0,0,Embassy,embassy_twitter_handle,tw,ChineseEmbinUS,"['english', 'n/a', 'n/a']",handle,ChinaSocialMedia20200928.xlsx,Embassy Twitter handle without NA
Americas,VENEZUELA,Diplomatic outlet,0,0,Embassy,embassy_twitter_handle,tw,Emb_ChinaVen,"['spanish', 'english', 'n/a']",handle,ChinaSocialMedia20200928.xlsx,Embassy Twitter handle without NA
Middle East,YEMEN,Diplomatic outlet,0,0,Embassy,embassy_twitter_handle,tw,ChineseEmbtoYEM,"['arabic', 'english', 'n/a']",handle,ChinaSocialMedia20200928.xlsx,Embassy Twitter handle without NA
Africa,ZIMBABWE,Diplomatic outlet,0,0,Embassy,embassy_twitter_handle,tw,ChineseZimbabwe,"['english', 'n/a', 'n/a']",handle,ChinaSocialMedia20200928.xlsx,Embassy Twitter handle without NA
Africa,AFRICAN UNION,Diplomatic outlet,0,0,Chinese Ambassador,chinese_ambassador_twitter_handle,tw,Ambassador_Liu,"['english', 'french', 'n/a']",handle,ChinaSocialMedia20200928.xlsx,Chinese Ambassador Twitter handle
Asia-Pacific,ASEAN,Diplomatic outlet,0,0,Chinese Ambassador,chinese_ambassador_twitter_handle,tw,China2ASEAN,"['english', 'n/a', 'n/a']",handle,ChinaSocialMedia20200928.xlsx,Chinese Ambassador Twitter handle
Europe,AUSTRIA,Diplomatic outlet,0,0,Chinese Ambassador,chinese_ambassador_twitter_handle,tw,li_xiaosi,"['english', 'german', 'n/a']",handle,ChinaSocialMedia20200928.xlsx,Chinese Ambassador Twitter handle
Americas,BARBADOS,Diplomatic outlet,0,0,Chinese Ambassador,chinese_ambassador_twitter_handle,tw,YXiusheng,"['english', 'n/a', 'n/a']",handle,ChinaSocialMedia20200928.xlsx,Chinese Ambassador Twitter handle
Europe,BELGIUM,Diplomatic outlet,0,0,Chinese Ambassador,chinese_ambassador_twitter_handle,tw,ChinaAmbBelgium,"['english', 'french', 'n/a']",handle,ChinaSocialMedia20200928.xlsx,Chinese Ambassador Twitter handle
Africa,BOTSWANA,Diplomatic outlet,0,0,Chinese Ambassador,chinese_ambassador_twitter_handle,tw,DrZhaoYanbo,"['english', 'n/a', 'n/a']",handle,ChinaSocialMedia20200928.xlsx,Chinese Ambassador Twitter handle
Americas,BRAZIL,Diplomatic outlet,0,0,Chinese Ambassador,chinese_ambassador_twitter_handle,tw,WanmingYang,"['english', 'n/a', 'n/a']",handle,ChinaSocialMedia20200928.xlsx,Chinese Ambassador Twitter handle
Europe,CYPRUS (Greek),Diplomatic outlet,0,0,Chinese Ambassador,chinese_ambassador_twitter_handle,tw,AmbassadorHuang,"['english', 'mandarin', 'n/a']",handle,ChinaSocialMedia20200928.xlsx,Chinese Ambassador Twitter handle
Americas,DOMINICAN REPUBLIC,Diplomatic outlet,0,0,Chinese Ambassador,chinese_ambassador_twitter_handle,tw,EmbZhangRun,"['spanish', 'english', 'n/a']",handle,ChinaSocialMedia20200928.xlsx,Chinese Ambassador Twitter handle
Middle East,EGYPT,Diplomatic outlet,0,0,Chinese Ambassador,chinese_ambassador_twitter_handle,tw,AmbLiaoLiqiang,"['arabic', 'english', 'n/a']",handle,ChinaSocialMedia20200928.xlsx,Chinese Ambassador Twitter handle
Americas,EL SALVADOR,Diplomatic outlet,0,0,Chinese Ambassador,chinese_ambassador_twitter_handle,tw,oujianhong,"['spanish', 'n/a', 'n/a']",handle,ChinaSocialMedia20200928.xlsx,Chinese Ambassador Twitter handle
Americas,GRENADA,Diplomatic outlet,0,0,Chinese Ambassador,chinese_ambassador_twitter_handle,tw,DrZhaoyongchen,"['english', 'n/a', 'n/a']",handle,ChinaSocialMedia20200928.xlsx,Chinese Ambassador Twitter handle
Asia-Pacific,INDIA,Diplomatic outlet,0,0,Chinese Ambassador,chinese_ambassador_twitter_handle,tw,China_Amb_India,"['english', 'n/a', 'n/a']",handle,ChinaSocialMedia20200928.xlsx,Chinese Ambassador Twitter handle
Middle East,IRAN,Diplomatic outlet,0,0,Chinese Ambassador,chinese_ambassador_twitter_handle,tw,AmbChangHua,"['english', 'persian', 'n/a']",handle,ChinaSocialMedia20200928.xlsx,Chinese Ambassador Twitter handle
Middle East,LEBANON,Diplomatic outlet,0,0,Chinese Ambassador,chinese_ambassador_twitter_handle,tw,ChinainLebanon,"['arabic', 'english', 'n/a']",handle,ChinaSocialMedia20200928.xlsx,Chinese Ambassador Twitter handle
Africa,MALAWI,Diplomatic outlet,0,0,Chinese Ambassador,chinese_ambassador_twitter_handle,tw,LiuHongyang4,"['english', 'n/a', 'n/a']",handle,ChinaSocialMedia20200928.xlsx,Chinese Ambassador Twitter handle
Asia-Pacific,MALDIVES,Diplomatic outlet,0,0,Chinese Ambassador,chinese_ambassador_twitter_handle,tw,AmbassadorZhang,"['english', 'n/a', 'n/a']",handle,ChinaSocialMedia20200928.xlsx,Chinese Ambassador Twitter handle
Africa,MALI,Diplomatic outlet,0,0,Chinese Ambassador,chinese_ambassador_twitter_handle,tw,LiyingZHU1,"['french', 'n/a', 'n/a']",handle,ChinaSocialMedia20200928.xlsx,Chinese Ambassador Twitter handle
Middle East,MOROCCO,Diplomatic outlet,0,0,Chinese Ambassador,chinese_ambassador_twitter_handle,tw,AmbassadeurLiLi,"['french', 'english', 'arabic']",handle,ChinaSocialMedia20200928.xlsx,Chinese Ambassador Twitter handle
Africa,NAMIBIA,Diplomatic outlet,0,0,Chinese Ambassador,chinese_ambassador_twitter_handle,tw,Amb_Yiming,"['english', 'n/a', 'n/a']",handle,ChinaSocialMedia20200928.xlsx,Chinese Ambassador Twitter handle
Asia-Pacific,NEPAL,Diplomatic outlet,0,0,Chinese Ambassador,chinese_ambassador_twitter_handle,tw,PRCAmbNepal,"['english', 'nepali', 'n/a']",handle,ChinaSocialMedia20200928.xlsx,Chinese Ambassador Twitter handle
Europe,NETHERLANDS,Diplomatic outlet,0,0,Chinese Ambassador,chinese_ambassador_twitter_handle,tw,PRCAmbNL,"['english', 'dutch', 'n/a']",handle,ChinaSocialMedia20200928.xlsx,Chinese Ambassador Twitter handle
Americas,PANAMA,Diplomatic outlet,0,0,Chinese Ambassador,chinese_ambassador_twitter_handle,tw,weiasecas,"['spanish', 'english', 'n/a']",handle,ChinaSocialMedia20200928.xlsx,Chinese Ambassador Twitter handle
Europe,POLAND,Diplomatic outlet,0,0,Chinese Ambassador,chinese_ambassador_twitter_handle,tw,AmbLiuGuangYuan,"['polish', 'english', 'n/a']",handle,ChinaSocialMedia20200928.xlsx,Chinese Ambassador Twitter handle
Middle East,QATAR,Diplomatic outlet,0,0,Chinese Ambassador,chinese_ambassador_twitter_handle,tw,AmbZhouJian,"['english', 'arabic', 'n/a']",handle,ChinaSocialMedia20200928.xlsx,Chinese Ambassador Twitter handle
Middle East,SAUDI ARABIA,Diplomatic outlet,0,0,Chinese Ambassador,chinese_ambassador_twitter_handle,tw,AmbChenWeiQing,"['arabic', 'english', 'chinese']",handle,ChinaSocialMedia20200928.xlsx,Chinese Ambassador Twitter handle
Europe,SERBIA,Diplomatic outlet,0,0,Chinese Ambassador,chinese_ambassador_twitter_handle,tw,AmbChenBo,"['serbian', 'serbian', 'n/a']",handle,ChinaSocialMedia20200928.xlsx,Chinese Ambassador Twitter handle
Americas,SURINAM,Diplomatic outlet,0,0,Chinese Ambassador,chinese_ambassador_twitter_handle,tw,AmbLiuQuan,"['english', 'n/a', 'n/a']",handle,ChinaSocialMedia20200928.xlsx,Chinese Ambassador Twitter handle
Middle East,SYRIA,Diplomatic outlet,0,0,Chinese Ambassador,chinese_ambassador_twitter_handle,tw,AmbFengBiao,"['arabic', 'chinese', 'n/a']",handle,ChinaSocialMedia20200928.xlsx,Chinese Ambassador Twitter handle
Africa,UGANDA,Diplomatic outlet,0,0,Chinese Ambassador,chinese_ambassador_twitter_handle,tw,ChinaAmbUganda,"['english', 'n/a', 'n/a']",handle,ChinaSocialMedia20200928.xlsx,Chinese Ambassador Twitter handle
Europe,UNITED KINGDOM,Diplomatic outlet,0,0,Chinese Ambassador,chinese_ambassador_twitter_handle,tw,AmbLiuXiaoMing,"['english', 'n/a', 'n/a']",handle,ChinaSocialMedia20200928.xlsx,Chinese Ambassador Twitter handle
International,UNITED NATIONS (GENEVA),Diplomatic outlet,0,0,Chinese Ambassador,chinese_ambassador_twitter_handle,tw,Amb_ChenXu,"['english', 'n/a', 'n/a']",handle,ChinaSocialMedia20200928.xlsx,Chinese Ambassador Twitter handle
International,UNITED NATIONS (NEW YORK),Diplomatic outlet,0,0,Chinese Ambassador,chinese_ambassador_twitter_handle,tw,ChinaAmbUN,"['english', 'n/a', 'n/a']",handle,ChinaSocialMedia20200928.xlsx,Chinese Ambassador Twitter handle
Americas,UNITED STATES OF AMERICA,Diplomatic outlet,0,0,Chinese Ambassador,chinese_ambassador_twitter_handle,tw,AmbCuiTiankai,"['english', 'mandarin', 'n/a']",handle,ChinaSocialMedia20200928.xlsx,Chinese Ambassador Twitter handle
Americas,VENEZUELA,Diplomatic outlet,0,0,Chinese Ambassador,chinese_ambassador_twitter_handle,tw,Li_Baorong,"['spanish', 'english', 'n/a']",handle,ChinaSocialMedia20200928.xlsx,Chinese Ambassador Twitter handle
Africa,ZIMBABWE,Diplomatic outlet,0,0,Chinese Ambassador,chinese_ambassador_twitter_handle,tw,China_Amb_Zim,"['english', 'n/a', 'n/a']",handle,ChinaSocialMedia20200928.xlsx,Chinese Ambassador Twitter handle
Asia-Pacific,PAKISTAN,Diplomatic outlet,0,0,Chinese Press Officer,chinese_press_officer_twitter_handle,tw,WangXianfeng8,['english'],handle,ChinaSocialMedia20200928.xlsx,Chinese Press Officer Twitter handle
Americas,CUBA,Diplomatic outlet,0,0,Deputy chief of mission,deputy_chief_of_mission_twitter_handle,tw,Yiwen_zh,"['n/a', 'n/a']",handle,ChinaSocialMedia20200928.xlsx,Deputy chief of mission Twitter handle
Americas,PANAMA,Diplomatic outlet,0,0,Deputy chief of mission,deputy_chief_of_mission_twitter_handle,tw,liuboleo2,"['spanish', 'english']",handle,ChinaSocialMedia20200928.xlsx,Deputy chief of mission Twitter handle
Asia-Pacific,AFGHANISTAN,Diplomatic outlet,0,0,Chinese Embassy,chinese_embassy_facebook_page_link,fb,https://www.facebook.com/ChineseEmbassyinAfghanistanDari/,"['dari', 'n/a', 'n/a']",link,ChinaSocialMedia20200928.xlsx,Main Facebook Page Link
Middle East,ALGERIA,Diplomatic outlet,0,0,Chinese Embassy,chinese_embassy_facebook_page_link,fb,https://www.facebook.com/Ambassade-de-Chine-en-Alg%C3%A9rie-855578524460798/,"['arabic', 'n/a', 'n/a']",link,ChinaSocialMedia20200928.xlsx,Main Facebook Page Link
Africa,ANGOLA,Diplomatic outlet,0,0,Chinese Embassy,chinese_embassy_facebook_page_link,fb,https://www.facebook.com/ChinaEmbAngola/,"['english', 'n/a', 'n/a']",link,ChinaSocialMedia20200928.xlsx,Main Facebook Page Link
Asia-Pacific,AUSTRALIA,Diplomatic outlet,0,0,Chinese Embassy,chinese_embassy_facebook_page_link,fb,https://www.facebook.com/ChinainAus/,"['english', 'n/a', 'n/a']",link,ChinaSocialMedia20200928.xlsx,Main Facebook Page Link
Asia-Pacific,BANGLADESH,Diplomatic outlet,0,0,Chinese Embassy,chinese_embassy_facebook_page_link,fb,https://www.facebook.com/chinaembd/?comment_id=Y29tbWVudDoxODE0ODcxMTk5ODgzOTNfMTgxNDg4MDA5OTg4MzA0,"['bengali', 'n/a', 'n/a']",link,ChinaSocialMedia20200928.xlsx,Main Facebook Page Link
Americas,BARBADOS,Diplomatic outlet,0,0,Chinese Embassy,chinese_embassy_facebook_page_link,fb,https://www.facebook.com/ChineseEmbassyinBB/,"['english', 'n/a', 'n/a']",link,ChinaSocialMedia20200928.xlsx,Main Facebook Page Link
Eurasia,BELARUS,Diplomatic outlet,0,0,Chinese Embassy,chinese_embassy_facebook_page_link,fb,https://www.facebook.com/chinaemb.by/,"['chinese', 'n/a', 'n/a']",link,ChinaSocialMedia20200928.xlsx,Main Facebook Page Link
Europe,BELGIUM,Diplomatic outlet,0,0,Chinese Embassy,chinese_embassy_facebook_page_link,fb,https://www.facebook.com/BEEmbassyChina/,"['french', 'n/a', 'n/a']",link,ChinaSocialMedia20200928.xlsx,Main Facebook Page Link
Africa,BOTSWANA,Diplomatic outlet,0,0,Chinese Embassy,chinese_embassy_facebook_page_link,fb,https://www.facebook.com/bw.chineseembassy/,"['english', 'n/a', 'n/a']",link,ChinaSocialMedia20200928.xlsx,Main Facebook Page Link
Asia-Pacific,BRUNEI,Diplomatic outlet,0,0,Chinese Embassy,chinese_embassy_facebook_page_link,fb,https://www.facebook.com/Chinaembbn/?ref=py_c,"['english', 'n/a', 'n/a']",link,ChinaSocialMedia20200928.xlsx,Main Facebook Page Link
Europe,BULGARIA,Diplomatic outlet,0,0,Chinese Embassy,chinese_embassy_facebook_page_link,fb,https://www.facebook.com/chineseembassyinbulgaria/?ref=page_internal&path=%2Fchineseembassyinbulgaria%2F,"['english', 'n/a', 'n/a']",link,ChinaSocialMedia20200928.xlsx,Main Facebook Page Link
Africa,BURKINA FASO,Diplomatic outlet,0,0,Chinese Embassy,chinese_embassy_facebook_page_link,fb,https://www.facebook.com/ambchineburkina/,"['english', 'n/a', 'n/a']",link,ChinaSocialMedia20200928.xlsx,Main Facebook Page Link
Asia-Pacific,CAMBODIA,Diplomatic outlet,0,0,Chinese Embassy,chinese_embassy_facebook_page_link,fb,https://www.facebook.com/ChineseEmbassyCambodia/,"['english', 'n/a', 'n/a']",link,ChinaSocialMedia20200928.xlsx,Main Facebook Page Link
Africa,CAMEROON,Diplomatic outlet,0,0,Chinese Embassy,chinese_embassy_facebook_page_link,fb,https://www.facebook.com/AmbChineCmr/,"['french', 'n/a', 'n/a']",link,ChinaSocialMedia20200928.xlsx,Main Facebook Page Link
Americas,COLOMBIA,Diplomatic outlet,0,0,Chinese Embassy,chinese_embassy_facebook_page_link,fb,https://www.facebook.com/chinaembajada/,"['spanish', 'n/a', 'n/a']",link,ChinaSocialMedia20200928.xlsx,Main Facebook Page Link
Americas,COSTA RICA,Diplomatic outlet,0,0,Chinese Embassy,chinese_embassy_facebook_page_link,fb,https://www.facebook.com/EmbajadaChinaCostaRica/,"['english', 'n/a', 'n/a']",link,ChinaSocialMedia20200928.xlsx,Main Facebook Page Link
Europe,CZECH REPUBLIC,Diplomatic outlet,0,0,Chinese Embassy,chinese_embassy_facebook_page_link,fb,https://www.facebook.com/chinaembassy.cz/,"['czech', 'english', 'n/a']",link,ChinaSocialMedia20200928.xlsx,Main Facebook Page Link
Asia-Pacific,EAST TIMOR,Diplomatic outlet,0,0,Chinese Embassy,chinese_embassy_facebook_page_link,fb,https://www.facebook.com/EmbassyofChinainTimorLeste/,"['portuguese?', 'english', 'n/a']",link,ChinaSocialMedia20200928.xlsx,Main Facebook Page Link
Americas,EL SALVADOR,Diplomatic outlet,0,0,Chinese Embassy,chinese_embassy_facebook_page_link,fb,https://www.facebook.com/EmbajadaChinaSV/,"['spanish', 'english', 'n/a']",link,ChinaSocialMedia20200928.xlsx,Main Facebook Page Link
Europe,ESTONIA,Diplomatic outlet,0,0,Chinese Embassy,chinese_embassy_facebook_page_link,fb,https://www.facebook.com/chineseembassyinestonia/,"['english', 'n/a', 'n/a']",link,ChinaSocialMedia20200928.xlsx,Main Facebook Page Link
Africa,ETHIOPIA,Diplomatic outlet,0,0,Chinese Embassy,chinese_embassy_facebook_page_link,fb,https://www.facebook.com/ChinaEmbAddis/,"['english', 'n/a', 'n/a']",link,ChinaSocialMedia20200928.xlsx,Main Facebook Page Link
Europe,EUROPEAN UNION (EU),Diplomatic outlet,0,0,Chinese Embassy,chinese_embassy_facebook_page_link,fb,https://www.facebook.com/ChinaEUMission/,"['english', 'n/a', 'n/a']",link,ChinaSocialMedia20200928.xlsx,Main Facebook Page Link
Europe,FRANCE,Diplomatic outlet,0,0,Chinese Embassy,chinese_embassy_facebook_page_link,fb,https://www.facebook.com/AmbassadeChine/,"['french', 'english', 'n/a']",link,ChinaSocialMedia20200928.xlsx,Main Facebook Page Link
Africa,GAMBIA,Diplomatic outlet,0,0,Chinese Embassy,chinese_embassy_facebook_page_link,fb,https://www.facebook.com/chinaembgm/,"['english', 'n/a', 'n/a']",link,ChinaSocialMedia20200928.xlsx,Main Facebook Page Link
Eurasia,GEORGIA,Diplomatic outlet,0,0,Chinese Embassy,chinese_embassy_facebook_page_link,fb,https://www.facebook.com/ChineseEmbassyinGeorgia/,"['english', 'n/a', 'n/a']",link,ChinaSocialMedia20200928.xlsx,Main Facebook Page Link
Americas,GUYANA,Diplomatic outlet,0,0,Chinese Embassy,chinese_embassy_facebook_page_link,fb,https://www.facebook.com/ChineseEmbGuyana/,"['english', 'n/a', 'n/a']",link,ChinaSocialMedia20200928.xlsx,Main Facebook Page Link
Europe,HUNGARY,Diplomatic outlet,0,0,Chinese Embassy,chinese_embassy_facebook_page_link,fb,https://www.facebook.com/ChinaEmbHungary/,"['english', 'n/a', 'n/a']",link,ChinaSocialMedia20200928.xlsx,Main Facebook Page Link
Asia-Pacific,INDONESIA,Diplomatic outlet,0,0,Chinese Embassy,chinese_embassy_facebook_page_link,fb,https://www.facebook.com/ChineseEmbassyinIndonesia/,"['indonesian', 'english', 'n/a']",link,ChinaSocialMedia20200928.xlsx,Main Facebook Page Link
Middle East,IRAQ,Diplomatic outlet,0,0,Chinese Embassy,chinese_embassy_facebook_page_link,fb,https://www.facebook.com/chineseembassyiniraq1/,"['arabic', 'english', 'n/a']",link,ChinaSocialMedia20200928.xlsx,Main Facebook Page Link
Eurasia,KAZAKHSTAN,Diplomatic outlet,0,0,Chinese Embassy,chinese_embassy_facebook_page_link,fb,https://www.facebook.com/ChinaAmbassadorKazakh,"['russian', 'kazakh', 'n/a']",link,ChinaSocialMedia20200928.xlsx,Main Facebook Page Link
Asia-Pacific,"KOREA, South (ROK)",Diplomatic outlet,0,0,Chinese Embassy,chinese_embassy_facebook_page_link,fb,https://www.facebook.com/kr.chinaembassy,"['chinese', 'korean', 'n/a']",link,ChinaSocialMedia20200928.xlsx,Main Facebook Page Link
Europe,LATVIA,Diplomatic outlet,0,0,Chinese Embassy,chinese_embassy_facebook_page_link,fb,https://www.facebook.com/EmbassyofChinainLatvia/,"['english', 'n/a', 'n/a']",link,ChinaSocialMedia20200928.xlsx,Main Facebook Page Link
Middle East,LEBANON,Diplomatic outlet,0,0,Chinese Embassy,chinese_embassy_facebook_page_link,fb,https://www.facebook.com/ChinainLebanon/,"['arabic', 'english', 'n/a']",link,ChinaSocialMedia20200928.xlsx,Main Facebook Page Link
Europe,MACEDONIA,Diplomatic outlet,0,0,Chinese Embassy,chinese_embassy_facebook_page_link,fb,https://www.facebook.com/chinaembassynmk/,"['english', 'n/a', 'n/a']",link,ChinaSocialMedia20200928.xlsx,Main Facebook Page Link
Asia-Pacific,MALAYSIA,Diplomatic outlet,0,0,Chinese Embassy,chinese_embassy_facebook_page_link,fb,https://www.facebook.com/chinaembmy/,"['english', 'n/a', 'n/a']",link,ChinaSocialMedia20200928.xlsx,Main Facebook Page Link
Africa,MAURITANIA,Diplomatic outlet,0,0,Chinese Embassy,chinese_embassy_facebook_page_link,fb,https://www.facebook.com/%E4%B8%AD%E5%9B%BD%E9%A9%BB%E6%AF%9B%E9%87%8C%E5%A1%94%E5%B0%BC%E4%BA%9A%E4%BD%BF%E9%A6%86Ambassade-de-Chine-en-Mauritanie%D8%A7%D9%84%D8%B3%D9%81%D8%A7%D8%B1%D8%A9-%D8%A7%D9%84%D8%B5%D9%8A%D9%86%D9%8A%D8%A9-%D9%84%D8%AF%D9%89-%D9%85%D9%88%D8%B1%D9%8A%D8%AA%D8%A7%D9%86%D9%8A%D8%A7-110246073688758,"['french', 'arabic', 'n/a']",link,ChinaSocialMedia20200928.xlsx,Main Facebook Page Link
Eurasia,MOLDOVA,Diplomatic outlet,0,0,Chinese Embassy,chinese_embassy_facebook_page_link,fb,https://www.facebook.com/Ambasada.Chinei.in.Moldova/,"['english', 'romanian', 'n/a']",link,ChinaSocialMedia20200928.xlsx,Main Facebook Page Link
Asia-Pacific,MYANMAR,Diplomatic outlet,0,0,Chinese Embassy,chinese_embassy_facebook_page_link,fb,https://www.facebook.com/paukphawfriendship/,"['burmese', 'english', 'n/a']",link,ChinaSocialMedia20200928.xlsx,Main Facebook Page Link
Africa,NAMIBIA,Diplomatic outlet,0,0,Chinese Embassy,chinese_embassy_facebook_page_link,fb,https://www.facebook.com/ChineseEmbassyinNamibia/,"['english', 'n/a', 'n/a']",link,ChinaSocialMedia20200928.xlsx,Main Facebook Page Link
Asia-Pacific,NEPAL,Diplomatic outlet,0,0,Chinese Embassy,chinese_embassy_facebook_page_link,fb,https://www.facebook.com/ChinaEmbNepal/,"['english', 'n/a', 'n/a']",link,ChinaSocialMedia20200928.xlsx,Main Facebook Page Link
Asia-Pacific,NEW ZEALAND,Diplomatic outlet,0,0,Chinese Embassy,chinese_embassy_facebook_page_link,fb,https://www.facebook.com/ChineseEmbassyInNZ/,"['english', 'n/a', 'n/a']",link,ChinaSocialMedia20200928.xlsx,Main Facebook Page Link
Africa,NIGERIA,Diplomatic outlet,0,0,Chinese Embassy,chinese_embassy_facebook_page_link,fb,https://www.facebook.com/ChineseEmbassyInNigeria/,"['english', 'n/a', 'n/a']",link,ChinaSocialMedia20200928.xlsx,Main Facebook Page Link
Europe,NORWAY,Diplomatic outlet,0,0,Chinese Embassy,chinese_embassy_facebook_page_link,fb,https://www.facebook.com/ChinaInNorway/,"['norwegian', 'english', 'n/a']",link,ChinaSocialMedia20200928.xlsx,Main Facebook Page Link
Asia-Pacific,PAPUA NEW GUINEA,Diplomatic outlet,0,0,Chinese Embassy,chinese_embassy_facebook_page_link,fb,https://www.facebook.com/ChineseEmbPNG/,"['english', 'n/a', 'n/a']",link,ChinaSocialMedia20200928.xlsx,Main Facebook Page Link
Asia-Pacific,PHILIPPINES,Diplomatic outlet,0,0,Chinese Embassy,chinese_embassy_facebook_page_link,fb,https://www.facebook.com/ChinaEmbassyManila/,"['english', 'n/a', 'n/a']",link,ChinaSocialMedia20200928.xlsx,Main Facebook Page Link
Europe,POLAND,Diplomatic outlet,0,0,Chinese Embassy,chinese_embassy_facebook_page_link,fb,https://www.facebook.com/ChinaEmbPoland/?rf=1474819296069068,"['english', 'n/a', 'n/a']",link,ChinaSocialMedia20200928.xlsx,Main Facebook Page Link
Europe,ROMANIA,Diplomatic outlet,0,0,Chinese Embassy,chinese_embassy_facebook_page_link,fb,https://www.facebook.com/AmbasadaChineiinRomania/?rf=287193445231187,"['english', 'n/a', 'n/a']",link,ChinaSocialMedia20200928.xlsx,Main Facebook Page Link
Asia-Pacific,SAMOA,Diplomatic outlet,0,0,Chinese Embassy,chinese_embassy_facebook_page_link,fb,https://www.facebook.com/chinaandsamoa/,"['english', 'n/a', 'n/a']",link,ChinaSocialMedia20200928.xlsx,Main Facebook Page Link
Middle East,SAUDI ARABIA,Diplomatic outlet,0,0,Chinese Embassy,chinese_embassy_facebook_page_link,fb,https://www.facebook.com/ChinaEmbKSA/,"['arabic', 'english', 'n/a']",link,ChinaSocialMedia20200928.xlsx,Main Facebook Page Link
Asia-Pacific,SINGAPORE,Diplomatic outlet,0,0,Chinese Embassy,chinese_embassy_facebook_page_link,fb,https://www.facebook.com/Chinaemb.SG/,"['english', 'chinese', 'n/a']",link,ChinaSocialMedia20200928.xlsx,Main Facebook Page Link
Europe,SLOVAKIA,Diplomatic outlet,0,0,Chinese Embassy,chinese_embassy_facebook_page_link,fb,https://www.facebook.com/ChinaEmbSVK/,"['english', 'n/a', 'n/a']",link,ChinaSocialMedia20200928.xlsx,Main Facebook Page Link
Africa,SOUTH AFRICA,Diplomatic outlet,0,0,Chinese Embassy,chinese_embassy_facebook_page_link,fb,https://www.facebook.com/chinainsa/,"['english', 'chinese', 'n/a']",link,ChinaSocialMedia20200928.xlsx,Main Facebook Page Link
Africa,SOUTH SUDAN,Diplomatic outlet,0,0,Chinese Embassy,chinese_embassy_facebook_page_link,fb,https://www.facebook.com/chinaemb.ss/,"['english', 'n/a', 'n/a']",link,ChinaSocialMedia20200928.xlsx,Main Facebook Page Link
Asia-Pacific,THAILAND,Diplomatic outlet,0,0,Chinese Embassy,chinese_embassy_facebook_page_link,fb,https://www.facebook.com/ChineseEmbassyinBangkok/,"['thai', 'n/a', 'n/a']",link,ChinaSocialMedia20200928.xlsx,Main Facebook Page Link
Middle East,TUNISIA,Diplomatic outlet,0,0,Chinese Embassy,chinese_embassy_facebook_page_link,fb,https://www.facebook.com/AmbassadedeChineenTunisie/,"['arabic', 'chinese', 'french']",link,ChinaSocialMedia20200928.xlsx,Main Facebook Page Link
Europe,TURKEY,Diplomatic outlet,0,0,Chinese Embassy,chinese_embassy_facebook_page_link,fb,https://www.facebook.com/ChinaEmbTurkey/,"['turkish', 'english', 'n/a']",link,ChinaSocialMedia20200928.xlsx,Main Facebook Page Link
Africa,UGANDA,Diplomatic outlet,0,0,Chinese Embassy,chinese_embassy_facebook_page_link,fb,https://www.facebook.com/Chinese.Emb.Uga/,"['english', 'n/a', 'n/a']",link,ChinaSocialMedia20200928.xlsx,Main Facebook Page Link
Eurasia,UKRAINE,Diplomatic outlet,0,0,Chinese Embassy,chinese_embassy_facebook_page_link,fb,https://www.facebook.com/chinaembua/,"['ukrainian', 'english', 'n/a']",link,ChinaSocialMedia20200928.xlsx,Main Facebook Page Link
Americas,UNITED STATES OF AMERICA,Diplomatic outlet,0,0,Chinese Embassy,chinese_embassy_facebook_page_link,fb,https://www.facebook.com/ChineseEmbassyinUS/,"['english', 'n/a', 'n/a']",link,ChinaSocialMedia20200928.xlsx,Main Facebook Page Link
Africa,ZIMBABWE,Diplomatic outlet,0,0,Chinese Embassy,chinese_embassy_facebook_page_link,fb,https://www.facebook.com/www.chinaembassy.org.zw/,"['english', 'n/a', 'n/a']",link,ChinaSocialMedia20200928.xlsx,Main Facebook Page Link
Europe,FRANCE,Diplomatic outlet,0,0,Consul General,consul_general_twitter_handle,tw,consulat_de,['french'],handle,ChinaSocialMedia20200928.xlsx,Consul General Twitter handle
Europe,FRANCE,Diplomatic outlet,0,0,Consul General,consul_general_twitter_handle,tw,China_Lyon,['french'],handle,ChinaSocialMedia20200928.xlsx,Consul General Twitter handle
Americas,UNITED STATES OF AMERICA,Diplomatic outlet,0,0,Consul General,consul_general_twitter_handle,tw,CGZhangPingLA,['english'],handle,ChinaSocialMedia20200928.xlsx,Consul General Twitter handle
Asia-Pacific,AUSTRALIA,Diplomatic outlet,0,0,CG/Mission,cg_mission_twitter_handle,tw,chinaconsydney,"['english', 'n/a']",handle,ChinaSocialMedia20200928.xlsx,CG/Mission Twitter handle
Americas,BOLIVIA,Diplomatic outlet,0,0,CG/Mission,cg_mission_twitter_handle,tw,ConsuladoCHNSC,"['spanish', 'n/a']",handle,ChinaSocialMedia20200928.xlsx,CG/Mission Twitter handle
Americas,CANADA,Diplomatic outlet,0,0,CG/Mission,cg_mission_twitter_handle,tw,ChinaCGCalgary,"['english', 'n/a']",handle,ChinaSocialMedia20200928.xlsx,CG/Mission Twitter handle
Americas,CANADA,Diplomatic outlet,0,0,CG/Mission,cg_mission_twitter_handle,tw,ChinaCGMTL,"['english', 'french']",handle,ChinaSocialMedia20200928.xlsx,CG/Mission Twitter handle
Europe,GERMANY,Diplomatic outlet,0,0,CG/Mission,cg_mission_twitter_handle,tw,GeneralkonsulDu,"['german', 'n/a']",handle,ChinaSocialMedia20200928.xlsx,CG/Mission Twitter handle
Europe,UNITED KINGDOM,Diplomatic outlet,0,0,CG/Mission,cg_mission_twitter_handle,tw,chinacgedi,"['english', 'n/a']",handle,ChinaSocialMedia20200928.xlsx,CG/Mission Twitter handle
Americas,UNITED STATES OF AMERICA,Diplomatic outlet,0,0,CG/Mission,cg_mission_twitter_handle,tw,ConsulateSan,"['english', 'n/a']",handle,ChinaSocialMedia20200928.xlsx,CG/Mission Twitter handle
Americas,UNITED STATES OF AMERICA,Diplomatic outlet,0,0,CG/Mission,cg_mission_twitter_handle,tw,ChinaConsulate,"['english', 'n/a']",handle,ChinaSocialMedia20200928.xlsx,CG/Mission Twitter handle
Americas,UNITED STATES OF AMERICA,Diplomatic outlet,0,0,Consulate General,consulate_general_facebook_handle,fb,chineseconsulatesf,['english'],handle,ChinaSocialMedia20200928.xlsx,Consulate General Facebook handle
Americas,UNITED STATES OF AMERICA,Diplomatic outlet,0,0,Consulate General,consulate_general_facebook_handle,fb,ChinaConsulateCHGO,['english'],handle,ChinaSocialMedia20200928.xlsx,Consulate General Facebook handle
Americas,UNITED STATES OF AMERICA,Diplomatic outlet,0,0,Consulate General,consulate_general_facebook_handle,fb,ChineseConsulateLA,['english'],handle,ChinaSocialMedia20200928.xlsx,Consulate General Facebook handle
Americas,UNITED STATES OF AMERICA,Diplomatic outlet,0,0,Consulate General,consulate_general_facebook_handle,fb,chinaconsulNY,['english'],handle,ChinaSocialMedia20200928.xlsx,Consulate General Facebook handle
Asia Pacific,CHINA,Diplomatic outlet,0,0,Ministry official,ministry_official_twitter_handle,tw,zlj517,"['english', 'mandarin']",handle,ChinaSocialMedia20200928.xlsx,Ministry official Twitter handle
Asia Pacific,CHINA,Diplomatic outlet,0,0,Ministry official,ministry_official_twitter_handle,tw,SpokespersonCHN,"['english', 'mandarin']",handle,ChinaSocialMedia20200928.xlsx,Ministry official Twitter handle
Asia Pacific,CHINA,Diplomatic outlet,0,0,Ministry official,ministry_official_twitter_handle,tw,MFA_China,"['english', 'mandarin']",handle,ChinaSocialMedia20200928.xlsx,Ministry official Twitter handle
Asia Pacific,CHINA,Diplomatic outlet,0,0,Ministry official,ministry_official_twitter_handle,tw,chinascio,"['english', 'mandarin']",handle,ChinaSocialMedia20200928.xlsx,Ministry official Twitter handle
Asia Pacific,CHINA,Diplomatic outlet,0,0,Ministry official,ministry_official_twitter_handle,tw,SpokespersonHZM,"['english', 'mandarin']",handle,ChinaSocialMedia20200928.xlsx,Ministry official Twitter handle
Asia Pacific,CHINA,Diplomatic outlet,0,0,Ministry official,ministry_official_twitter_handle,tw,cidcaofficial,"['english', 'mandarin']",handle,ChinaSocialMedia20200928.xlsx,Ministry official Twitter handle
Asia Pacific,CHINA,Diplomatic outlet,0,0,Ministry official,ministry_official_twitter_handle,tw,FuCong17,"['english', 'mandarin']",handle,ChinaSocialMedia20200928.xlsx,Ministry official Twitter handle
Asia Pacific,CHINA,0,State media outlet,0,Media outlet,media_outlet_twitter_handle,tw,CGTNOfficial,['english'],handle,ChinaSocialMedia20200928.xlsx,Media outlet Twitter handle
Asia Pacific,CHINA,0,State media outlet,0,Media outlet,media_outlet_twitter_handle,tw,caixin,['english'],handle,ChinaSocialMedia20200928.xlsx,Media outlet Twitter handle
Asia Pacific,CHINA,0,State media outlet,0,Media outlet,media_outlet_twitter_handle,tw,XHNews,['english'],handle,ChinaSocialMedia20200928.xlsx,Media outlet Twitter handle
Asia Pacific,CHINA,0,State media outlet,0,Media outlet,media_outlet_twitter_handle,tw,PDChinaHK,['english'],handle,ChinaSocialMedia20200928.xlsx,Media outlet Twitter handle
Asia Pacific,CHINA,0,State media outlet,0,Media outlet,media_outlet_twitter_handle,tw,ChinaDaily,['english'],handle,ChinaSocialMedia20200928.xlsx,Media outlet Twitter handle
Asia Pacific,CHINA,0,State media outlet,0,Media outlet,media_outlet_twitter_handle,tw,globaltimesnews,['english'],handle,ChinaSocialMedia20200928.xlsx,Media outlet Twitter handle
Asia Pacific,CHINA,0,State media outlet,0,Media outlet,media_outlet_twitter_handle,tw,XinhuaChinese,['chinese'],handle,ChinaSocialMedia20200928.xlsx,Media outlet Twitter handle
Asia Pacific,CHINA,0,State media outlet,0,Media outlet,media_outlet_twitter_handle,tw,chinaorgcn,['english'],handle,ChinaSocialMedia20200928.xlsx,Media outlet Twitter handle
Asia Pacific,CHINA,0,State media outlet,0,Media outlet,media_outlet_twitter_handle,tw,CCTV,['english'],handle,ChinaSocialMedia20200928.xlsx,Media outlet Twitter handle
Asia Pacific,CHINA,0,State media outlet,0,Media outlet,media_outlet_twitter_handle,tw,CGTNFrancais,['french'],handle,ChinaSocialMedia20200928.xlsx,Media outlet Twitter handle
Asia Pacific,CHINA,0,State media outlet,0,Media outlet,media_outlet_twitter_handle,tw,PDChinese,['chinese'],handle,ChinaSocialMedia20200928.xlsx,Media outlet Twitter handle
Asia Pacific,CHINA,0,State media outlet,0,Media outlet,media_outlet_twitter_handle,tw,cgtnarabic,['arabic'],handle,ChinaSocialMedia20200928.xlsx,Media outlet Twitter handle
Asia Pacific,CHINA,0,State media outlet,0,Media outlet,media_outlet_twitter_handle,tw,XHSports,['english'],handle,ChinaSocialMedia20200928.xlsx,Media outlet Twitter handle
Asia Pacific,CHINA,0,State media outlet,0,Media outlet,media_outlet_twitter_handle,tw,Echinanews,['english'],handle,ChinaSocialMedia20200928.xlsx,Media outlet Twitter handle
Asia Pacific,CHINA,0,State media outlet,0,Media outlet,media_outlet_twitter_handle,tw,cgtnenespanol,['spanish'],handle,ChinaSocialMedia20200928.xlsx,Media outlet Twitter handle
Asia Pacific,CHINA,0,State media outlet,0,Media outlet,media_outlet_twitter_handle,tw,XinhuaTravel,['english'],handle,ChinaSocialMedia20200928.xlsx,Media outlet Twitter handle
Asia Pacific,CHINA,0,State media outlet,0,Media outlet,media_outlet_twitter_handle,tw,CNS1952,['chinese'],handle,ChinaSocialMedia20200928.xlsx,Media outlet Twitter handle
Asia Pacific,CHINA,0,State media outlet,0,Media outlet,media_outlet_twitter_handle,tw,FlyOverChina,['english'],handle,ChinaSocialMedia20200928.xlsx,Media outlet Twitter handle
Asia Pacific,CHINA,0,State media outlet,0,Media outlet,media_outlet_twitter_handle,tw,shanghaidaily,['english'],handle,ChinaSocialMedia20200928.xlsx,Media outlet Twitter handle
Asia Pacific,CHINA,0,State media outlet,0,Media outlet,media_outlet_twitter_handle,tw,cgtnamerica,['english'],handle,ChinaSocialMedia20200928.xlsx,Media outlet Twitter handle
Asia Pacific,CHINA,0,State media outlet,0,Media outlet,media_outlet_twitter_handle,tw,yicaichina,['english'],handle,ChinaSocialMedia20200928.xlsx,Media outlet Twitter handle
Asia Pacific,CHINA,0,State media outlet,0,Media outlet,media_outlet_twitter_handle,tw,Guangming_Daily,['chinese'],handle,ChinaSocialMedia20200928.xlsx,Media outlet Twitter handle
Asia Pacific,CHINA,0,State media outlet,0,Media outlet,media_outlet_twitter_handle,tw,PuebloEnLnea,['spanish'],handle,ChinaSocialMedia20200928.xlsx,Media outlet Twitter handle
Asia Pacific,CHINA,0,State media outlet,0,Media outlet,media_outlet_twitter_handle,tw,cgtnafrica,['english'],handle,ChinaSocialMedia20200928.xlsx,Media outlet Twitter handle
Asia Pacific,CHINA,0,State media outlet,0,Media outlet,media_outlet_twitter_handle,tw,PeopleArabic,['arabic'],handle,ChinaSocialMedia20200928.xlsx,Media outlet Twitter handle
Asia Pacific,CHINA,0,State media outlet,0,Media outlet,media_outlet_twitter_handle,tw,XHespanol,['spanish'],handle,ChinaSocialMedia20200928.xlsx,Media outlet Twitter handle
Asia Pacific,CHINA,0,State media outlet,0,Media outlet,media_outlet_twitter_handle,tw,BeijingReview,['english'],handle,ChinaSocialMedia20200928.xlsx,Media outlet Twitter handle
Asia Pacific,CHINA,0,State media outlet,0,Media outlet,media_outlet_twitter_handle,tw,french_renmin,['french'],handle,ChinaSocialMedia20200928.xlsx,Media outlet Twitter handle
Asia Pacific,CHINA,0,State media outlet,0,Media outlet,media_outlet_twitter_handle,tw,CriFrancais,['french'],handle,ChinaSocialMedia20200928.xlsx,Media outlet Twitter handle
Asia Pacific,CHINA,0,State media outlet,0,Media outlet,media_outlet_twitter_handle,tw,SixthTone,['english'],handle,ChinaSocialMedia20200928.xlsx,Media outlet Twitter handle
Asia Pacific,CHINA,0,State media outlet,0,Media outlet,media_outlet_twitter_handle,tw,XHJapanese,['japanese'],handle,ChinaSocialMedia20200928.xlsx,Media outlet Twitter handle
Asia Pacific,CHINA,0,State media outlet,0,Media outlet,media_outlet_twitter_handle,tw,XHNorthAmerica,['english'],handle,ChinaSocialMedia20200928.xlsx,Media outlet Twitter handle
Asia Pacific,CHINA,0,State media outlet,0,Media outlet,media_outlet_twitter_handle,tw,peopledailyJP,['japanese'],handle,ChinaSocialMedia20200928.xlsx,Media outlet Twitter handle
Asia Pacific,CHINA,0,State media outlet,0,Media outlet,media_outlet_twitter_handle,tw,ShanghaiEye,['english'],handle,ChinaSocialMedia20200928.xlsx,Media outlet Twitter handle
Asia Pacific,CHINA,0,State media outlet,0,Media outlet,media_outlet_twitter_handle,tw,ChinaDailyAsia,['english'],handle,ChinaSocialMedia20200928.xlsx,Media outlet Twitter handle
Asia Pacific,CHINA,0,State media outlet,0,Media outlet,media_outlet_twitter_handle,tw,CCTV_Plus,['english'],handle,ChinaSocialMedia20200928.xlsx,Media outlet Twitter handle
Asia Pacific,CHINA,0,State media outlet,0,Media outlet,media_outlet_twitter_handle,tw,RenminDeutsch,['german'],handle,ChinaSocialMedia20200928.xlsx,Media outlet Twitter handle
Asia Pacific,CHINA,0,State media outlet,0,Media outlet,media_outlet_twitter_handle,tw,Chinacultureorg,['english'],handle,ChinaSocialMedia20200928.xlsx,Media outlet Twitter handle
Asia Pacific,CHINA,0,State media outlet,0,Media outlet,media_outlet_twitter_handle,tw,CRIjpn,['japanese'],handle,ChinaSocialMedia20200928.xlsx,Media outlet Twitter handle
Asia Pacific,CHINA,0,State media outlet,0,Media outlet,media_outlet_twitter_handle,tw,GlobalTimes_CN,['chinese'],handle,ChinaSocialMedia20200928.xlsx,Media outlet Twitter handle
Asia Pacific,CHINA,0,State media outlet,0,Media outlet,media_outlet_twitter_handle,tw,Chine Nouvelle,['french'],handle,ChinaSocialMedia20200928.xlsx,Media outlet Twitter handle
Asia Pacific,CHINA,0,State media outlet,0,Media outlet,media_outlet_twitter_handle,tw,XHMyanmar,['burmese'],handle,ChinaSocialMedia20200928.xlsx,Media outlet Twitter handle
Asia Pacific,CHINA,0,State media outlet,0,Media outlet,media_outlet_twitter_handle,tw,XHportugues,['portuguese'],handle,ChinaSocialMedia20200928.xlsx,Media outlet Twitter handle
Asia Pacific,CHINA,0,State media outlet,0,Media outlet,media_outlet_twitter_handle,tw,ChinaDailyEU,['english'],handle,ChinaSocialMedia20200928.xlsx,Media outlet Twitter handle
Asia Pacific,CHINA,0,State media outlet,0,Media outlet,media_outlet_twitter_handle,tw,XHSwahili,['swahili'],handle,ChinaSocialMedia20200928.xlsx,Media outlet Twitter handle
Asia Pacific,CHINA,0,State media outlet,0,Media outlet,media_outlet_twitter_handle,tw,ChinaYouthOL,['chinese'],handle,ChinaSocialMedia20200928.xlsx,Media outlet Twitter handle
Asia Pacific,CHINA,0,State media outlet,0,Media outlet,media_outlet_twitter_handle,tw,Chinadaily_CH,['chinese'],handle,ChinaSocialMedia20200928.xlsx,Media outlet Twitter handle
Asia Pacific,CHINA,0,State media outlet,0,Media outlet,media_outlet_twitter_handle,tw,CGTNEurope,['english'],handle,ChinaSocialMedia20200928.xlsx,Media outlet Twitter handle
Asia Pacific,CHINA,0,State media outlet,0,Media outlet,media_outlet_twitter_handle,tw,thepapercn,['chinese'],handle,ChinaSocialMedia20200928.xlsx,Media outlet Twitter handle
Asia Pacific,CHINA,0,State media outlet,0,Media outlet,media_outlet_twitter_handle,tw,XHdeutsch,['german'],handle,ChinaSocialMedia20200928.xlsx,Media outlet Twitter handle
Asia Pacific,CHINA,0,State media outlet,0,Media outlet,media_outlet_twitter_handle,tw,cctvarabic,['arabic'],handle,ChinaSocialMedia20200928.xlsx,Media outlet Twitter handle
Asia Pacific,CHINA,0,State media outlet,0,Media outlet,media_outlet_twitter_handle,tw,ChinaScience,['english'],handle,ChinaSocialMedia20200928.xlsx,Media outlet Twitter handle
Asia Pacific,CHINA,0,State media outlet,0,Media outlet,media_outlet_twitter_handle,tw,PDChinaBusiness,['english'],handle,ChinaSocialMedia20200928.xlsx,Media outlet Twitter handle
Asia Pacific,CHINA,0,State media outlet,0,Media outlet,media_outlet_twitter_handle,tw,PDChinaLife,['english'],handle,ChinaSocialMedia20200928.xlsx,Media outlet Twitter handle
Asia Pacific,CHINA,0,State media outlet,0,Media outlet,media_outlet_twitter_handle,tw,ChinaPlusNews,['english'],handle,ChinaSocialMedia20200928.xlsx,Media outlet Twitter handle
Asia Pacific,CHINA,0,State media outlet,0,Media outlet,media_outlet_twitter_handle,tw,criarabic,['arabic'],handle,ChinaSocialMedia20200928.xlsx,Media outlet Twitter handle
Asia Pacific,CHINA,0,State media outlet,0,Media outlet,media_outlet_twitter_handle,tw,ArabicOrg,['arabic'],handle,ChinaSocialMedia20200928.xlsx,Media outlet Twitter handle
Asia Pacific,CHINA,0,State media outlet,0,Media outlet,media_outlet_facebook_handle,fb,cgtnarabic,['arabic'],handle,ChinaSocialMedia20200928.xlsx,Media outlet Facebook handle
Asia Pacific,CHINA,0,State media outlet,0,Media outlet,media_outlet_facebook_handle,fb,peoplearabic,['arabic'],handle,ChinaSocialMedia20200928.xlsx,Media outlet Facebook handle
Asia Pacific,CHINA,0,State media outlet,0,Media outlet,media_outlet_facebook_handle,fb,criarabic1,['arabic'],handle,ChinaSocialMedia20200928.xlsx,Media outlet Facebook handle
Asia Pacific,CHINA,0,State media outlet,0,Media outlet,media_outlet_facebook_handle,fb,ChinaorgcnArabic,['arabic'],handle,ChinaSocialMedia20200928.xlsx,Media outlet Facebook handle
Eurasia,BELARUS,0,0,Confucius Institute,Confucius Institute,institute_twitter_handle,tw,MSLU_BY,['russian'],handle,ChinaSocialMedia20200928.xlsx,Institute Twitter handle
Asia-Pacific,JAPAN,0,0,Confucius Institute,Confucius Institute,institute_twitter_handle,tw,kogakuin_cik,['japanese'],handle,ChinaSocialMedia20200928.xlsx,Institute Twitter handle
Europe,UNITED KINGDOM,0,0,Confucius Institute,Confucius Institute,institute_twitter_handle,tw,ConfuciusMCR,['english'],handle,ChinaSocialMedia20200928.xlsx,Institute Twitter handle
Europe,UNITED KINGDOM,0,0,Confucius Institute,Confucius Institute,institute_twitter_handle,tw,OBUConfucius,['english'],handle,ChinaSocialMedia20200928.xlsx,Institute Twitter handle
Europe,UNITED KINGDOM,0,0,Confucius Institute,Confucius Institute,institute_twitter_handle,tw,CI4Scotland,['english'],handle,ChinaSocialMedia20200928.xlsx,Institute Twitter handle
Europe,UNITED KINGDOM,0,0,Confucius Institute,Confucius Institute,institute_twitter_handle,tw,Confucius_HWU,['english'],handle,ChinaSocialMedia20200928.xlsx,Institute Twitter handle
Europe,UNITED KINGDOM,0,0,Confucius Institute,Confucius Institute,institute_twitter_handle,tw,Confucius_UoS,['english'],handle,ChinaSocialMedia20200928.xlsx,Institute Twitter handle
Europe,UNITED KINGDOM,0,0,Confucius Institute,Confucius Institute,institute_twitter_handle,tw,LeedsConfucius,['english'],handle,ChinaSocialMedia20200928.xlsx,Institute Twitter handle
Europe,UNITED KINGDOM,0,0,Confucius Institute,Confucius Institute,institute_twitter_handle,tw,UCL_IOE_CI,['english'],handle,ChinaSocialMedia20200928.xlsx,Institute Twitter handle
Europe,UNITED KINGDOM,0,0,Confucius Institute,Confucius Institute,institute_twitter_handle,tw,ConfuciusAbUni,['english'],handle,ChinaSocialMedia20200928.xlsx,Institute Twitter handle
Europe,UNITED KINGDOM,0,0,Confucius Institute,Confucius Institute,institute_twitter_handle,tw,confuciusedgehi,['english'],handle,ChinaSocialMedia20200928.xlsx,Institute Twitter handle
Europe,UNITED KINGDOM,0,0,Confucius Institute,Confucius Institute,institute_twitter_handle,tw,DMU_CI,['english'],handle,ChinaSocialMedia20200928.xlsx,Institute Twitter handle
Europe,UNITED KINGDOM,0,0,Confucius Institute,Confucius Institute,institute_twitter_handle,tw,GoldsmithsCI,['english'],handle,ChinaSocialMedia20200928.xlsx,Institute Twitter handle
Europe,UNITED KINGDOM,0,0,Confucius Institute,Confucius Institute,institute_twitter_handle,tw,ConfuciusTmt,['english'],handle,ChinaSocialMedia20200928.xlsx,Institute Twitter handle
Europe,UNITED KINGDOM,0,0,Confucius Institute,Confucius Institute,institute_twitter_handle,tw,Lancaster_CI,['english'],handle,ChinaSocialMedia20200928.xlsx,Institute Twitter handle
Europe,UNITED KINGDOM,0,0,Confucius Institute,Confucius Institute,institute_twitter_handle,tw,CIforTCMLondon,['english'],handle,ChinaSocialMedia20200928.xlsx,Institute Twitter handle
Europe,UNITED KINGDOM,0,0,Confucius Institute,Confucius Institute,institute_twitter_handle,tw,nottingham_ci,['english'],handle,ChinaSocialMedia20200928.xlsx,Institute Twitter handle
Europe,UNITED KINGDOM,0,0,Confucius Institute,Confucius Institute,institute_twitter_handle,tw,CardiffCI,['english'],handle,ChinaSocialMedia20200928.xlsx,Institute Twitter handle
Europe,UNITED KINGDOM,0,0,Confucius Institute,Confucius Institute,institute_twitter_handle,tw,UCLan_CI,['english'],handle,ChinaSocialMedia20200928.xlsx,Institute Twitter handle
Europe,UNITED KINGDOM,0,0,Confucius Institute,Confucius Institute,institute_twitter_handle,tw,ConfuciusTSD,['english'],handle,ChinaSocialMedia20200928.xlsx,Institute Twitter handle
Europe,UNITED KINGDOM,0,0,Confucius Institute,Confucius Institute,institute_twitter_handle,tw,CISSStrathclyde,['english'],handle,ChinaSocialMedia20200928.xlsx,Institute Twitter handle
Europe,UNITED KINGDOM,0,0,Confucius Institute,Confucius Institute,institute_twitter_handle,tw,ConfuciusBangor,['english'],handle,ChinaSocialMedia20200928.xlsx,Institute Twitter handle
Europe,UNITED KINGDOM,0,0,Confucius Institute,Confucius Institute,institute_twitter_handle,tw,HullConfucius,['english'],handle,ChinaSocialMedia20200928.xlsx,Institute Twitter handle
Europe,UNITED KINGDOM,0,0,Confucius Institute,Confucius Institute,institute_twitter_handle,tw,ConfuciusCovuni,['english'],handle,ChinaSocialMedia20200928.xlsx,Institute Twitter handle
Americas,UNITED STATES OF AMERICA,0,0,Confucius Institute,Confucius Institute,institute_twitter_handle,tw,wmconfucius,['english'],handle,ChinaSocialMedia20200928.xlsx,Institute Twitter handle
Americas,UNITED STATES OF AMERICA,0,0,Confucius Institute,Confucius Institute,institute_twitter_handle,tw,ChinaInstitute_,['english'],handle,ChinaSocialMedia20200928.xlsx,Institute Twitter handle
Americas,UNITED STATES OF AMERICA,0,0,Confucius Institute,Confucius Institute,institute_twitter_handle,tw,Confuciusinsti,['english'],handle,ChinaSocialMedia20200928.xlsx,Institute Twitter handle
Americas,UNITED STATES OF AMERICA,0,0,Confucius Institute,Confucius Institute,institute_twitter_handle,tw,ConfuciusUNL,['english'],handle,ChinaSocialMedia20200928.xlsx,Institute Twitter handle
Americas,UNITED STATES OF AMERICA,0,0,Confucius Institute,Confucius Institute,institute_twitter_handle,tw,WSUConfucius,['english'],handle,ChinaSocialMedia20200928.xlsx,Institute Twitter handle
Americas,UNITED STATES OF AMERICA,0,0,Confucius Institute,Confucius Institute,institute_twitter_handle,tw,ConfuciusNJCU,['english'],handle,ChinaSocialMedia20200928.xlsx,Institute Twitter handle
Americas,UNITED STATES OF AMERICA,0,0,Confucius Institute,Confucius Institute,institute_twitter_handle,tw,CI_MiamiUniv,['english'],handle,ChinaSocialMedia20200928.xlsx,Institute Twitter handle
Americas,UNITED STATES OF AMERICA,0,0,Confucius Institute,Confucius Institute,institute_twitter_handle,tw,Troy_CI,['english'],handle,ChinaSocialMedia20200928.xlsx,Institute Twitter handle
Americas,UNITED STATES OF AMERICA,0,0,Confucius Institute,Confucius Institute,institute_twitter_handle,tw,uofuci,['english'],handle,ChinaSocialMedia20200928.xlsx,Institute Twitter handle
Americas,UNITED STATES OF AMERICA,0,0,Confucius Institute,Confucius Institute,institute_twitter_handle,tw,ua_confucius,['english'],handle,ChinaSocialMedia20200928.xlsx,Institute Twitter handle
Americas,UNITED STATES OF AMERICA,0,0,Confucius Institute,Confucius Institute,institute_twitter_handle,tw,HISD_Confucius,['english'],handle,ChinaSocialMedia20200928.xlsx,Institute Twitter handle
Americas,UNITED STATES OF AMERICA,0,0,Confucius Institute,Confucius Institute,institute_twitter_handle,tw,BCPSConfucius,['n/a'],handle,ChinaSocialMedia20200928.xlsx,Institute Twitter handle
Americas,UNITED STATES OF AMERICA,0,0,Confucius Institute,Confucius Institute,institute_twitter_handle,tw,TSUCI_,['english'],handle,ChinaSocialMedia20200928.xlsx,Institute Twitter handle
Americas,UNITED STATES OF AMERICA,0,0,Confucius Institute,Confucius Institute,institute_twitter_handle,tw,CIMason1,['n/a'],handle,ChinaSocialMedia20200928.xlsx,Institute Twitter handle
Americas,UNITED STATES OF AMERICA,0,0,Confucius Institute,Confucius Institute,institute_twitter_handle,tw,GWConfucius,['english'],handle,ChinaSocialMedia20200928.xlsx,Institute Twitter handle
Americas,UNITED STATES OF AMERICA,0,0,Confucius Institute,Confucius Institute,institute_twitter_handle,tw,ConfuciusIdaho,['n/a'],handle,ChinaSocialMedia20200928.xlsx,Institute Twitter handle
Americas,UNITED STATES OF AMERICA,0,0,Confucius Institute,Confucius Institute,institute_twitter_handle,tw,confuciusbiz,['english'],handle,ChinaSocialMedia20200928.xlsx,Institute Twitter handle
Americas,UNITED STATES OF AMERICA,0,0,Confucius Institute,Confucius Institute,institute_twitter_handle,tw,UKConfucius,['english'],handle,ChinaSocialMedia20200928.xlsx,Institute Twitter handle
Americas,UNITED STATES OF AMERICA,0,0,Confucius Institute,Confucius Institute,institute_twitter_handle,tw,UDCONFUCIUS,['english'],handle,ChinaSocialMedia20200928.xlsx,Institute Twitter handle
Americas,UNITED STATES OF AMERICA,0,0,Confucius Institute,Confucius Institute,institute_twitter_handle,tw,WVUCI,['english'],handle,ChinaSocialMedia20200928.xlsx,Institute Twitter handle
Americas,UNITED STATES OF AMERICA,0,0,Confucius Institute,Confucius Institute,institute_twitter_handle,tw,CI_UNCCharlotte,['english'],handle,ChinaSocialMedia20200928.xlsx,Institute Twitter handle
Americas,UNITED STATES OF AMERICA,0,0,Confucius Institute,Confucius Institute,institute_twitter_handle,tw,WKYConfucius,['english'],handle,ChinaSocialMedia20200928.xlsx,Institute Twitter handle
Europe,AUSTRIA,0,0,Confucius Institute,Confucius Institute,institute_facebook_link,fb,https://www.facebook.com/konfuziusinstitut/,"['german', 'n/a']",link,ChinaSocialMedia20200928.xlsx,Facebook link
Eurasia,BELARUS,0,0,Confucius Institute,Confucius Institute,institute_facebook_link,fb,https://www.facebook.com/groups/1042824942404464,"['n/a', 'n/a']",link,ChinaSocialMedia20200928.xlsx,Facebook link
Eurasia,BELARUS,0,0,Confucius Institute,Confucius Institute,institute_facebook_link,fb,https://www.facebook.com/confuciusbntu/,"['n/a', 'n/a']",link,ChinaSocialMedia20200928.xlsx,Facebook link
Asia-Pacific,CAMBODIA,0,0,Confucius Institute,Confucius Institute,institute_facebook_link,fb,https://www.facebook.com/CIRAC.edu,"['n/a', 'n/a']",link,ChinaSocialMedia20200928.xlsx,Facebook link
Europe,GERMANY,0,0,Confucius Institute,Confucius Institute,institute_facebook_link,fb,https://www.facebook.com/Konfuzius-Institut-Bremen-594335587309645,"['german', 'n/a']",link,ChinaSocialMedia20200928.xlsx,Facebook link
Europe,GERMANY,0,0,Confucius Institute,Confucius Institute,institute_facebook_link,fb,https://www.facebook.com/konfuziusinstitutBonn,"['german', 'n/a']",link,ChinaSocialMedia20200928.xlsx,Facebook link
Europe,GERMANY,0,0,Confucius Institute,Confucius Institute,institute_facebook_link,fb,https://www.facebook.com/akigoettingen,"['german', 'n/a']",link,ChinaSocialMedia20200928.xlsx,Facebook link
Europe,GERMANY,0,0,Confucius Institute,Confucius Institute,institute_facebook_link,fb,https://www.facebook.com/KonfuziusInstitutMetropoleRuhr,"['german', 'n/a']",link,ChinaSocialMedia20200928.xlsx,Facebook link
Europe,GERMANY,0,0,Confucius Institute,Confucius Institute,institute_facebook_link,fb,https://www.facebook.com/Konfuzius-Institut-D%C3%BCsseldorf-326835230687091,"['german', 'n/a']",link,ChinaSocialMedia20200928.xlsx,Facebook link
Europe,GERMANY,0,0,Confucius Institute,Confucius Institute,institute_facebook_link,fb,https://www.facebook.com/KonfuziusInstitutFrankfurt,"['german', 'n/a']",link,ChinaSocialMedia20200928.xlsx,Facebook link
Europe,GERMANY,0,0,Confucius Institute,Confucius Institute,institute_facebook_link,fb,https://www.facebook.com/konfuziusinstituthamburg,"['german', 'n/a']",link,ChinaSocialMedia20200928.xlsx,Facebook link
Europe,GERMANY,0,0,Confucius Institute,Confucius Institute,institute_facebook_link,fb,https://www.facebook.com/leibniz.konfuzius,"['german', 'n/a']",link,ChinaSocialMedia20200928.xlsx,Facebook link
Europe,GERMANY,0,0,Confucius Institute,Confucius Institute,institute_facebook_link,fb,https://www.facebook.com/konfuziusinstitutleipzig,"['german', 'n/a']",link,ChinaSocialMedia20200928.xlsx,Facebook link
Europe,GERMANY,0,0,Confucius Institute,Confucius Institute,institute_facebook_link,fb,https://www.facebook.com/KonfuziusInstitutTrier,"['german', 'n/a']",link,ChinaSocialMedia20200928.xlsx,Facebook link
Europe,GERMANY,0,0,Confucius Institute,Confucius Institute,institute_facebook_link,fb,https://www.facebook.com/Konfuzius-Institut-an-der-Universit%C3%A4t-Heidelberg-e-V-787435294604775,"['german', 'n/a']",link,ChinaSocialMedia20200928.xlsx,Facebook link
Europe,GERMANY,0,0,Confucius Institute,Confucius Institute,institute_facebook_link,fb,https://www.facebook.com/Konfuzius-Institut-an-der-Universit%C3%A4t-Freiburg-eV-641341015921819,"['german', 'n/a']",link,ChinaSocialMedia20200928.xlsx,Facebook link
Europe,GERMANY,0,0,Confucius Institute,Confucius Institute,institute_facebook_link,fb,https://www.facebook.com/ConfuciusInstituteMunich,"['german', 'n/a']",link,ChinaSocialMedia20200928.xlsx,Facebook link
Europe,GERMANY,0,0,Confucius Institute,Confucius Institute,institute_facebook_link,fb,https://www.facebook.com/Konfuzius-Institut-Paderborn-1229357313751054,"['german', 'n/a']",link,ChinaSocialMedia20200928.xlsx,Facebook link
Europe,GERMANY,0,0,Confucius Institute,Confucius Institute,institute_facebook_link,fb,https://www.facebook.com/audikonfuziusinstitutingolstadt,"['german', 'n/a']",link,ChinaSocialMedia20200928.xlsx,Facebook link
Europe,GERMANY,0,0,Confucius Institute,Confucius Institute,institute_facebook_link,fb,https://www.facebook.com/Konfuzius-Institut-Stralsund-100451061675916,"['german', 'english']",link,ChinaSocialMedia20200928.xlsx,Facebook link
Europe,GERMANY,0,0,0,Confucius Institute,institute_facebook_link,fb,https://www.facebook.com/KonfuziusInstitutNuernbergErlangen,"['german', 'n/a']",link,ChinaSocialMedia20200928.xlsx,Facebook link
Asia-Pacific,JAPAN,0,0,Confucius Institute,Confucius Institute,institute_facebook_link,fb,https://www.facebook.com/%E5%B7%A5%E5%AD%A6%E9%99%A2%E5%A4%A7%E5%AD%A6%E5%AD%94%E5%AD%90%E5%AD%A6%E9%99%A2-213615678678992/,"['japanese', 'n/a']",link,ChinaSocialMedia20200928.xlsx,Facebook link
Eurasia,MOLDOVA,0,0,Confucius Institute,Confucius Institute,institute_facebook_link,fb,https://www.facebook.com/icmoldova,"['romanian', 'n/a']",link,ChinaSocialMedia20200928.xlsx,Facebook link
Eurasia,UKRAINE,0,0,Confucius Institute,Confucius Institute,institute_facebook_link,fb,https://www.facebook.com/confucius.info,"['russian', 'n/a']",link,ChinaSocialMedia20200928.xlsx,Facebook link
Eurasia,UKRAINE,0,0,Confucius Institute,Confucius Institute,institute_facebook_link,fb,https://www.facebook.com/knlukongzixueyuan,"['russian', 'n/a']",link,ChinaSocialMedia20200928.xlsx,Facebook link
Europe,UNITED KINGDOM,0,0,Confucius Institute,Confucius Institute,institute_facebook_link,fb,https://www.facebook.com/ConfuciusMCR,"['english', 'n/a']",link,ChinaSocialMedia20200928.xlsx,Facebook link
Europe,UNITED KINGDOM,0,0,Confucius Institute,Confucius Institute,institute_facebook_link,fb,https://www.facebook.com/BrookesConfuciusInstitute/,"['english', 'n/a']",link,ChinaSocialMedia20200928.xlsx,Facebook link
Europe,UNITED KINGDOM,0,0,Confucius Institute,Confucius Institute,institute_facebook_link,fb,https://www.facebook.com/CIScotland/,"['english', 'n/a']",link,ChinaSocialMedia20200928.xlsx,Facebook link
Europe,UNITED KINGDOM,0,0,Confucius Institute,Confucius Institute,institute_facebook_link,fb,https://www.facebook.com/SCIBC/,"['english', 'n/a']",link,ChinaSocialMedia20200928.xlsx,Facebook link
Europe,UNITED KINGDOM,0,0,Confucius Institute,Confucius Institute,institute_facebook_link,fb,https://www.facebook.com/SheffieldCI/,"['english', 'n/a']",link,ChinaSocialMedia20200928.xlsx,Facebook link
Europe,UNITED KINGDOM,0,0,Confucius Institute,Confucius Institute,institute_facebook_link,fb,https://www.facebook.com/BCIUL/,"['english', 'n/a']",link,ChinaSocialMedia20200928.xlsx,Facebook link
Europe,UNITED KINGDOM,0,0,Confucius Institute,Confucius Institute,institute_facebook_link,fb,https://www.facebook.com/UCLIOEConfuciusInstitute/,"['english', 'n/a']",link,ChinaSocialMedia20200928.xlsx,Facebook link
Europe,UNITED KINGDOM,0,0,Confucius Institute,Confucius Institute,institute_facebook_link,fb,https://www.facebook.com/SotonCI/,"['english', 'n/a']",link,ChinaSocialMedia20200928.xlsx,Facebook link
Europe,UNITED KINGDOM,0,0,Confucius Institute,Confucius Institute,institute_facebook_link,fb,https://www.facebook.com/confuciusinstituteaberdeen/,"['english', 'n/a']",link,ChinaSocialMedia20200928.xlsx,Facebook link
Europe,UNITED KINGDOM,0,0,Confucius Institute,Confucius Institute,institute_facebook_link,fb,https://www.facebook.com/CIBLLSE/,"['english', 'n/a']",link,ChinaSocialMedia20200928.xlsx,Facebook link
Europe,UNITED KINGDOM,0,0,Confucius Institute,Confucius Institute,institute_facebook_link,fb,https://www.facebook.com/LancsUniCI/,"['english', 'n/a']",link,ChinaSocialMedia20200928.xlsx,Facebook link
Europe,UNITED KINGDOM,0,0,Confucius Institute,Confucius Institute,institute_facebook_link,fb,https://www.facebook.com/ConfuciusInstitute4TCM/,"['english', 'n/a']",link,ChinaSocialMedia20200928.xlsx,Facebook link
Europe,UNITED KINGDOM,0,0,Confucius Institute,Confucius Institute,institute_facebook_link,fb,https://www.facebook.com/nottinghamci/,"['english', 'n/a']",link,ChinaSocialMedia20200928.xlsx,Facebook link
Europe,UNITED KINGDOM,0,0,Confucius Institute,Confucius Institute,institute_facebook_link,fb,https://www.facebook.com/CardiffConfuciusInstitute/,"['english', 'n/a']",link,ChinaSocialMedia20200928.xlsx,Facebook link
Europe,UNITED KINGDOM,0,0,Confucius Institute,Confucius Institute,institute_facebook_link,fb,https://www.facebook.com/UCLanConfuciusInstitute/,"['english', 'n/a']",link,ChinaSocialMedia20200928.xlsx,Facebook link
Europe,UNITED KINGDOM,0,0,Confucius Institute,Confucius Institute,institute_facebook_link,fb,https://www.facebook.com/confuciusheritage/,"['english', 'n/a']",link,ChinaSocialMedia20200928.xlsx,Facebook link
Europe,UNITED KINGDOM,0,0,Confucius Institute,Confucius Institute,institute_facebook_link,fb,https://www.facebook.com/CIatGlasgowUni/,"['english', 'n/a']",link,ChinaSocialMedia20200928.xlsx,Facebook link
Europe,UNITED KINGDOM,0,0,Confucius Institute,Confucius Institute,institute_facebook_link,fb,https://www.facebook.com/cissstrathclyde/,"['english', 'n/a']",link,ChinaSocialMedia20200928.xlsx,Facebook link
Europe,UNITED KINGDOM,0,0,Confucius Institute,Confucius Institute,institute_facebook_link,fb,https://www.facebook.com/bangorconfuciusinstitute/,"['english', 'n/a']",link,ChinaSocialMedia20200928.xlsx,Facebook link
Europe,UNITED KINGDOM,0,0,Confucius Institute,Confucius Institute,institute_facebook_link,fb,https://www.facebook.com/hullconfuciusinstitute/,"['english', 'n/a']",link,ChinaSocialMedia20200928.xlsx,Facebook link
Europe,UNITED KINGDOM,0,0,Confucius Institute,Confucius Institute,institute_facebook_link,fb,https://www.facebook.com/QMULCI/,"['english', 'n/a']",link,ChinaSocialMedia20200928.xlsx,Facebook link
Americas,UNITED STATES OF AMERICA,0,0,Confucius Institute,Confucius Institute,institute_facebook_link,fb,https://www.facebook.com/wmconfuciusinstitute/,"['n/a', 'n/a']",link,ChinaSocialMedia20200928.xlsx,Facebook link
Americas,UNITED STATES OF AMERICA,0,0,Confucius Institute,Confucius Institute,institute_facebook_link,fb,https://www.facebook.com/chinainstitute/,"['n/a', 'n/a']",link,ChinaSocialMedia20200928.xlsx,Facebook link
Americas,UNITED STATES OF AMERICA,0,0,Confucius Institute,Confucius Institute,institute_facebook_link,fb,https://www.facebook.com/ConfuciusInstituteAtMichiganStateUniversity/,"['n/a', 'n/a']",link,ChinaSocialMedia20200928.xlsx,Facebook link
Americas,UNITED STATES OF AMERICA,0,0,Confucius Institute,Confucius Institute,institute_facebook_link,fb,https://www.facebook.com/us.china.institute.bryantuniversity/,"['n/a', 'n/a']",link,ChinaSocialMedia20200928.xlsx,Facebook link
Americas,UNITED STATES OF AMERICA,0,0,Confucius Institute,Confucius Institute,institute_facebook_link,fb,https://www.facebook.com/UCLA.CI/,"['n/a', 'n/a']",link,ChinaSocialMedia20200928.xlsx,Facebook link
Americas,UNITED STATES OF AMERICA,0,0,Confucius Institute,Confucius Institute,institute_facebook_link,fb,https://www.facebook.com/ciucdavis/,"['n/a', 'n/a']",link,ChinaSocialMedia20200928.xlsx,Facebook link
Americas,UNITED STATES OF AMERICA,0,0,Confucius Institute,Confucius Institute,institute_facebook_link,fb,https://www.facebook.com/PortlandState.Confucius.Institute/,"['n/a', 'n/a']",link,ChinaSocialMedia20200928.xlsx,Facebook link
Americas,UNITED STATES OF AMERICA,0,0,Confucius Institute,Confucius Institute,institute_facebook_link,fb,https://www.facebook.com/CCDEdu#_ga=2.179842850.766091689.1598087978-1307792581.1598087978,"['n/a', 'n/a']",link,ChinaSocialMedia20200928.xlsx,Facebook link
Americas,UNITED STATES OF AMERICA,0,0,Confucius Institute,Confucius Institute,institute_facebook_link,fb,https://www.facebook.com/confuciusunl,"['n/a', 'n/a']",link,ChinaSocialMedia20200928.xlsx,Facebook link
Americas,UNITED STATES OF AMERICA,0,0,Confucius Institute,Confucius Institute,institute_facebook_link,fb,https://www.facebook.com/ciwsu/,"['n/a', 'n/a']",link,ChinaSocialMedia20200928.xlsx,Facebook link
Americas,UNITED STATES OF AMERICA,0,0,Confucius Institute,Confucius Institute,institute_facebook_link,fb,https://www.facebook.com/cirutgers/,"['n/a', 'n/a']",link,ChinaSocialMedia20200928.xlsx,Facebook link
Americas,UNITED STATES OF AMERICA,0,0,Confucius Institute,Confucius Institute,institute_facebook_link,fb,https://www.facebook.com/ucaci2008/,"['n/a', 'n/a']",link,ChinaSocialMedia20200928.xlsx,Facebook link
Americas,UNITED STATES OF AMERICA,0,0,Confucius Institute,Confucius Institute,institute_facebook_link,fb,https://www.facebook.com/UWPlattevilleConfuciusInstitute/,"['n/a', 'n/a']",link,ChinaSocialMedia20200928.xlsx,Facebook link
Americas,UNITED STATES OF AMERICA,0,0,Confucius Institute,Confucius Institute,institute_facebook_link,fb,https://www.facebook.com/troyci/,"['n/a', 'n/a']",link,ChinaSocialMedia20200928.xlsx,Facebook link
Americas,UNITED STATES OF AMERICA,0,0,Confucius Institute,Confucius Institute,institute_facebook_link,fb,https://www.facebook.com/ciecoesc/,"['n/a', 'n/a']",link,ChinaSocialMedia20200928.xlsx,Facebook link
Americas,UNITED STATES OF AMERICA,0,0,Confucius Institute,Confucius Institute,institute_facebook_link,fb,https://www.facebook.com/CentralConnecticutStateUniversity,"['n/a', 'n/a']",link,ChinaSocialMedia20200928.xlsx,Facebook link
Americas,UNITED STATES OF AMERICA,0,0,Confucius Institute,Confucius Institute,institute_facebook_link,fb,https://www.facebook.com/tsucitx,"['n/a', 'n/a']",link,ChinaSocialMedia20200928.xlsx,Facebook link
Americas,UNITED STATES OF AMERICA,0,0,Confucius Institute,Confucius Institute,institute_facebook_link,fb,https://www.facebook.com/websteru,"['n/a', 'n/a']",link,ChinaSocialMedia20200928.xlsx,Facebook link
Americas,UNITED STATES OF AMERICA,0,0,Confucius Institute,Confucius Institute,institute_facebook_link,fb,https://www.facebook.com/GSUConfuciusInstitute/,"['n/a', 'n/a']",link,ChinaSocialMedia20200928.xlsx,Facebook link
Americas,UNITED STATES OF AMERICA,0,0,Confucius Institute,Confucius Institute,institute_facebook_link,fb,https://www.facebook.com/UniversityofAkron,"['n/a', 'n/a']",link,ChinaSocialMedia20200928.xlsx,Facebook link
Americas,UNITED STATES OF AMERICA,0,0,Confucius Institute,Confucius Institute,institute_facebook_link,fb,https://www.facebook.com/clevelandstateuniversity,"['n/a', 'n/a']",link,ChinaSocialMedia20200928.xlsx,Facebook link
Americas,UNITED STATES OF AMERICA,0,0,Confucius Institute,Confucius Institute,institute_facebook_link,fb,https://www.facebook.com/exploreutci/,"['n/a', 'n/a']",link,ChinaSocialMedia20200928.xlsx,Facebook link
Americas,UNITED STATES OF AMERICA,0,0,Confucius Institute,Confucius Institute,institute_facebook_link,fb,https://www.facebook.com/CIatAlfred/,"['n/a', 'n/a']",link,ChinaSocialMedia20200928.xlsx,Facebook link
Americas,UNITED STATES OF AMERICA,0,0,Confucius Institute,Confucius Institute,institute_facebook_link,fb,https://www.facebook.com/TheConfuciusInstituteAtStonyBrookUniversity/,"['n/a', 'n/a']",link,ChinaSocialMedia20200928.xlsx,Facebook link
Americas,UNITED STATES OF AMERICA,0,0,Confucius Institute,Confucius Institute,institute_facebook_link,fb,https://www.facebook.com/PresbyterianCollege,"['n/a', 'n/a']",link,ChinaSocialMedia20200928.xlsx,Facebook link
Americas,UNITED STATES OF AMERICA,0,0,Confucius Institute,Confucius Institute,institute_facebook_link,fb,https://www.facebook.com/WMUInternationl/,"['n/a', 'n/a']",link,ChinaSocialMedia20200928.xlsx,Facebook link
Americas,UNITED STATES OF AMERICA,0,0,Confucius Institute,Confucius Institute,institute_facebook_link,fb,https://www.facebook.com/GWConfucius,"['n/a', 'n/a']",link,ChinaSocialMedia20200928.xlsx,Facebook link
Americas,UNITED STATES OF AMERICA,0,0,Confucius Institute,Confucius Institute,institute_facebook_link,fb,https://www.facebook.com/CIatWesleyan/,"['n/a', 'n/a']",link,ChinaSocialMedia20200928.xlsx,Facebook link
Americas,UNITED STATES OF AMERICA,0,0,Confucius Institute,Confucius Institute,institute_facebook_link,fb,https://www.facebook.com/NCCCIB/,"['n/a', 'n/a']",link,ChinaSocialMedia20200928.xlsx,Facebook link
Americas,UNITED STATES OF AMERICA,0,0,Confucius Institute,Confucius Institute,institute_facebook_link,fb,https://www.facebook.com/ubconfucius,"['n/a', 'n/a']",link,ChinaSocialMedia20200928.xlsx,Facebook link
Americas,UNITED STATES OF AMERICA,0,0,Confucius Institute,Confucius Institute,institute_facebook_link,fb,https://www.facebook.com/UKconfucius/,"['n/a', 'n/a']",link,ChinaSocialMedia20200928.xlsx,Facebook link
Americas,UNITED STATES OF AMERICA,0,0,Confucius Institute,Confucius Institute,institute_facebook_link,fb,https://www.facebook.com/cinstitute,"['n/a', 'n/a']",link,ChinaSocialMedia20200928.xlsx,Facebook link
Americas,UNITED STATES OF AMERICA,0,0,Confucius Institute,Confucius Institute,institute_facebook_link,fb,https://www.facebook.com/GSUConfuciusInstitute,"['n/a', 'n/a']",link,ChinaSocialMedia20200928.xlsx,Facebook link
Americas,UNITED STATES OF AMERICA,0,0,Confucius Institute,Confucius Institute,institute_facebook_link,fb,https://www.facebook.com/CITUFTS/,"['n/a', 'n/a']",link,ChinaSocialMedia20200928.xlsx,Facebook link
Americas,UNITED STATES OF AMERICA,0,0,Confucius Institute,Confucius Institute,institute_facebook_link,fb,https://www.facebook.com/ConfuciusInstituteNJCU/,"['n/a', 'n/a']",link,ChinaSocialMedia20200928.xlsx,Facebook link
Americas,UNITED STATES OF AMERICA,0,0,Confucius Institute,Confucius Institute,institute_facebook_link,fb,https://www.facebook.com/savannahstate,"['n/a', 'n/a']",link,ChinaSocialMedia20200928.xlsx,Facebook link
Americas,UNITED STATES OF AMERICA,0,0,Confucius Institute,Confucius Institute,institute_facebook_link,fb,https://www.facebook.com/CIUNCCharlotte/,"['n/a', 'n/a']",link,ChinaSocialMedia20200928.xlsx,Facebook link
Americas,UNITED STATES OF AMERICA,0,0,Confucius Institute,Confucius Institute,institute_facebook_link,fb,https://www.facebook.com/ciwky/,"['n/a', 'n/a']",link,ChinaSocialMedia20200928.xlsx,Facebook link
Americas,UNITED STATES OF AMERICA,0,0,Confucius Institute,Confucius Institute,institute_facebook_link,fb,https://www.facebook.com/cccsdsu/,"['n/a', 'n/a']",link,ChinaSocialMedia20200928.xlsx,Facebook link
