"link_or_handle","csvId","langs","social_media_type","extracted_from_col","name","account","extracted_from_file"
"handle","0","['english', 'pashto', 'persian']","tw","Embassy Twitter handle without NA","embassy_twitter_handle","ChinaEmbKabul","ChinaSocialMedia20200928.xlsx"
"handle","1","['english', 'albanian', 'n/a']","tw","Embassy Twitter handle without NA","embassy_twitter_handle","ChinaembassyT","ChinaSocialMedia20200928.xlsx"
"handle","2","['portuguese', 'english', 'n/a']","tw","Embassy Twitter handle without NA","embassy_twitter_handle","ChinaEmbAngola","ChinaSocialMedia20200928.xlsx"
"handle","3","['spanish', 'english', 'n/a']","tw","Embassy Twitter handle without NA","embassy_twitter_handle","ChinaEmbArg","ChinaSocialMedia20200928.xlsx"
"handle","4","['english', 'german', 'n/a']","tw","Embassy Twitter handle without NA","embassy_twitter_handle","chinaembaustria","ChinaSocialMedia20200928.xlsx"
"handle","5","['portuguese', 'english', 'n/a']","tw","Embassy Twitter handle without NA","embassy_twitter_handle","EmbaixadaChina","ChinaSocialMedia20200928.xlsx"
"handle","6","['french', 'english', 'n/a']","tw","Embassy Twitter handle without NA","embassy_twitter_handle","AmbChineBurundi","ChinaSocialMedia20200928.xlsx"
"handle","7","['english', 'french', 'n/a']","tw","Embassy Twitter handle without NA","embassy_twitter_handle","AmbChineCmr","ChinaSocialMedia20200928.xlsx"
"handle","8","['english', 'n/a', 'n/a']","tw","Embassy Twitter handle without NA","embassy_twitter_handle","ChinaEmbOttawa","ChinaSocialMedia20200928.xlsx"
"handle","9","['french', 'english', 'n/a']","tw","Embassy Twitter handle without NA","embassy_twitter_handle","ambchinetchad","ChinaSocialMedia20200928.xlsx"
"handle","10","['spanish', 'n/a', 'n/a']","tw","Embassy Twitter handle without NA","embassy_twitter_handle","ChinaEmbajada","ChinaSocialMedia20200928.xlsx"
"handle","11","['spanish', 'english', 'n/a']","tw","Embassy Twitter handle without NA","embassy_twitter_handle","china_embajada","ChinaSocialMedia20200928.xlsx"
"handle","12","['english', 'spanish', 'n/a']","tw","Embassy Twitter handle without NA","embassy_twitter_handle","EmbChinaCuba","ChinaSocialMedia20200928.xlsx"
"handle","13","['czech', 'n/a', 'n/a']","tw","Embassy Twitter handle without NA","embassy_twitter_handle","ChineseEmbinCZ","ChinaSocialMedia20200928.xlsx"
"handle","14","['french', 'english', 'n/a']","tw","Embassy Twitter handle without NA","embassy_twitter_handle","AmbCHINEenRDC","ChinaSocialMedia20200928.xlsx"
"handle","15","['english', 'n/a', 'n/a']","tw","Embassy Twitter handle without NA","embassy_twitter_handle","ChinaInDenmark","ChinaSocialMedia20200928.xlsx"
"handle","16","['french', 'english', 'n/a']","tw","Embassy Twitter handle without NA","embassy_twitter_handle","ChineAmbDjibout","ChinaSocialMedia20200928.xlsx"
"handle","17","['spanish', 'n/a', 'n/a']","tw","Embassy Twitter handle without NA","embassy_twitter_handle","ChinaEmbajadaRD","ChinaSocialMedia20200928.xlsx"
"handle","18","['spanish', 'n/a', 'n/a']","tw","Embassy Twitter handle without NA","embassy_twitter_handle","EmbajadaChinaEc","ChinaSocialMedia20200928.xlsx"
"handle","19","['spanish', 'n/a', 'n/a']","tw","Embassy Twitter handle without NA","embassy_twitter_handle","EmbajadaChinaSV","ChinaSocialMedia20200928.xlsx"
"handle","20","['spanish', 'n/a', 'n/a']","tw","Embassy Twitter handle without NA","embassy_twitter_handle","EmbChinaGE","ChinaSocialMedia20200928.xlsx"
"handle","21","['english', 'n/a', 'n/a']","tw","Embassy Twitter handle without NA","embassy_twitter_handle","ChinaEmbAddis","ChinaSocialMedia20200928.xlsx"
"handle","22","['english', 'n/a', 'n/a']","tw","Embassy Twitter handle without NA","embassy_twitter_handle","ChinaEUMission","ChinaSocialMedia20200928.xlsx"
"handle","23","['french', 'n/a', 'n/a']","tw","Embassy Twitter handle without NA","embassy_twitter_handle","AmbassadeChine","ChinaSocialMedia20200928.xlsx"
"handle","24","['german', 'english', 'n/a']","tw","Embassy Twitter handle without NA","embassy_twitter_handle","ChinaEmbGermany","ChinaSocialMedia20200928.xlsx"
"handle","25","['english', 'n/a', 'n/a']","tw","Embassy Twitter handle without NA","embassy_twitter_handle","ChinaEmbinGH","ChinaSocialMedia20200928.xlsx"
"handle","26","['french', 'english', 'n/a']","tw","Embassy Twitter handle without NA","embassy_twitter_handle","chine_guinee","ChinaSocialMedia20200928.xlsx"
"handle","27","['hungarian', 'english', 'n/a']","tw","Embassy Twitter handle without NA","embassy_twitter_handle","ChineseEmbinHU","ChinaSocialMedia20200928.xlsx"
"handle","28","['arabic', 'english', 'n/a']","tw","Embassy Twitter handle without NA","embassy_twitter_handle","ChinaIraq","ChinaSocialMedia20200928.xlsx"
"handle","29","['english', 'n/a', 'n/a']","tw","Embassy Twitter handle without NA","embassy_twitter_handle","ChinaEmbIreland","ChinaSocialMedia20200928.xlsx"
"handle","30","['italian', 'n/a', 'n/a']","tw","Embassy Twitter handle without NA","embassy_twitter_handle","AmbCina","ChinaSocialMedia20200928.xlsx"
"handle","31","['japanese', 'english', 'n/a']","tw","Embassy Twitter handle without NA","embassy_twitter_handle","ChnEmbassy_jp","ChinaSocialMedia20200928.xlsx"
"handle","32","['arabic', 'english', 'n/a']","tw","Embassy Twitter handle without NA","embassy_twitter_handle","ChineseembassyJ","ChinaSocialMedia20200928.xlsx"
"handle","33","['russian', 'n/a', 'n/a']","tw","Embassy Twitter handle without NA","embassy_twitter_handle","ChinaEmbKazakh","ChinaSocialMedia20200928.xlsx"
"handle","34","['english', 'n/a', 'n/a']","tw","Embassy Twitter handle without NA","embassy_twitter_handle","ChineseEmbKenya","ChinaSocialMedia20200928.xlsx"
"handle","35","['english', 'n/a', 'n/a']","tw","Embassy Twitter handle without NA","embassy_twitter_handle","ChineseLiberia","ChinaSocialMedia20200928.xlsx"
"handle","36","['french', 'n/a', 'n/a']","tw","Embassy Twitter handle without NA","embassy_twitter_handle","Chine_au_Mali","ChinaSocialMedia20200928.xlsx"
"handle","37","['arabic', 'english', 'n/a']","tw","Embassy Twitter handle without NA","embassy_twitter_handle","ChinaEmbinMR","ChinaSocialMedia20200928.xlsx"
"handle","38","['english', 'n/a', 'n/a']","tw","Embassy Twitter handle without NA","embassy_twitter_handle","china_emb_ng","ChinaSocialMedia20200928.xlsx"
"handle","39","['english', 'urdu', 'n/a']","tw","Embassy Twitter handle without NA","embassy_twitter_handle","CathayPak","ChinaSocialMedia20200928.xlsx"
"handle","40","['english', 'n/a', 'n/a']","tw","Embassy Twitter handle without NA","embassy_twitter_handle","ChineseEmb_PNG","ChinaSocialMedia20200928.xlsx"
"handle","41","['spanish', 'n/a', 'n/a']","tw","Embassy Twitter handle without NA","embassy_twitter_handle","ChinaEmbPeru","ChinaSocialMedia20200928.xlsx"
"handle","42","['english', 'n/a', 'n/a']","tw","Embassy Twitter handle without NA","embassy_twitter_handle","Chinaembmanila","ChinaSocialMedia20200928.xlsx"
"handle","43","['english', 'polish', 'n/a']","tw","Embassy Twitter handle without NA","embassy_twitter_handle","ChinaEmbPoland","ChinaSocialMedia20200928.xlsx"
"handle","44","['russian', 'n/a', 'n/a']","tw","Embassy Twitter handle without NA","embassy_twitter_handle","ChineseEmbinRus","ChinaSocialMedia20200928.xlsx"
"handle","45","['english', 'n/a', 'n/a']","tw","Embassy Twitter handle without NA","embassy_twitter_handle","chinaandsamoa","ChinaSocialMedia20200928.xlsx"
"handle","46","['arabic', 'english', 'n/a']","tw","Embassy Twitter handle without NA","embassy_twitter_handle","ChinaEmbKSA","ChinaSocialMedia20200928.xlsx"
"handle","47","['serbian', 'n/a', 'n/a']","tw","Embassy Twitter handle without NA","embassy_twitter_handle","EmbChina_RS","ChinaSocialMedia20200928.xlsx"
"handle","48","['slovak', 'english', 'n/a']","tw","Embassy Twitter handle without NA","embassy_twitter_handle","ChinaEmbSVK","ChinaSocialMedia20200928.xlsx"
"handle","49","['english', 'n/a', 'n/a']","tw","Embassy Twitter handle without NA","embassy_twitter_handle","ChinaEmSlovenia","ChinaSocialMedia20200928.xlsx"
"handle","50","['english', 'n/a', 'n/a']","tw","Embassy Twitter handle without NA","embassy_twitter_handle","ChineseSomalia","ChinaSocialMedia20200928.xlsx"
"handle","51","['english', 'n/a', 'n/a']","tw","Embassy Twitter handle without NA","embassy_twitter_handle","ChineseEmbSA","ChinaSocialMedia20200928.xlsx"
"handle","52","['spanish', 'n/a', 'n/a']","tw","Embassy Twitter handle without NA","embassy_twitter_handle","ChinaEmbEsp","ChinaSocialMedia20200928.xlsx"
"handle","53","['english', 'sinhalese', 'tamil']","tw","Embassy Twitter handle without NA","embassy_twitter_handle","ChinaEmbSL","ChinaSocialMedia20200928.xlsx"
"handle","54","['n/a', 'n/a', 'n/a']","tw","Embassy Twitter handle without NA","embassy_twitter_handle","CHNEmbSuriname","ChinaSocialMedia20200928.xlsx"
"handle","55","['english', 'n/a', 'n/a']","tw","Embassy Twitter handle without NA","embassy_twitter_handle","BotschaftChina","ChinaSocialMedia20200928.xlsx"
"handle","56","['english', 'swahili', 'n/a']","tw","Embassy Twitter handle without NA","embassy_twitter_handle","ChineseEmbTZ","ChinaSocialMedia20200928.xlsx"
"handle","57","['english', 'thai', 'n/a']","tw","Embassy Twitter handle without NA","embassy_twitter_handle","chineseembassy1","ChinaSocialMedia20200928.xlsx"
"handle","58","['english', 'n/a', 'n/a']","tw","Embassy Twitter handle without NA","embassy_twitter_handle","embassy_chinese","ChinaSocialMedia20200928.xlsx"
"handle","59","['turkish', 'english', 'n/a']","tw","Embassy Twitter handle without NA","embassy_twitter_handle","ChinaEmbTurkey","ChinaSocialMedia20200928.xlsx"
"handle","60","['english', 'n/a', 'n/a']","tw","Embassy Twitter handle without NA","embassy_twitter_handle","ChineseEmb_Uga","ChinaSocialMedia20200928.xlsx"
"handle","61","['english', 'n/a', 'n/a']","tw","Embassy Twitter handle without NA","embassy_twitter_handle","ChineseEmbinUK","ChinaSocialMedia20200928.xlsx"
"handle","62","['english', 'n/a', 'n/a']","tw","Embassy Twitter handle without NA","embassy_twitter_handle","ChinaMissionGva","ChinaSocialMedia20200928.xlsx"
"handle","63","['english', 'n/a', 'n/a']","tw","Embassy Twitter handle without NA","embassy_twitter_handle","Chinamission2un","ChinaSocialMedia20200928.xlsx"
"handle","64","['english', 'n/a', 'n/a']","tw","Embassy Twitter handle without NA","embassy_twitter_handle","ChinaMissionVie","ChinaSocialMedia20200928.xlsx"
"handle","65","['english', 'n/a', 'n/a']","tw","Embassy Twitter handle without NA","embassy_twitter_handle","ChineseEmbinUS","ChinaSocialMedia20200928.xlsx"
"handle","66","['spanish', 'english', 'n/a']","tw","Embassy Twitter handle without NA","embassy_twitter_handle","Emb_ChinaVen","ChinaSocialMedia20200928.xlsx"
"handle","67","['arabic', 'english', 'n/a']","tw","Embassy Twitter handle without NA","embassy_twitter_handle","ChineseEmbtoYEM","ChinaSocialMedia20200928.xlsx"
"handle","68","['english', 'n/a', 'n/a']","tw","Embassy Twitter handle without NA","embassy_twitter_handle","ChineseZimbabwe","ChinaSocialMedia20200928.xlsx"
"handle","69","['english', 'french', 'n/a']","tw","Chinese Ambassador Twitter handle","chinese_ambassador_twitter_handle","Ambassador_Liu","ChinaSocialMedia20200928.xlsx"
"handle","70","['english', 'n/a', 'n/a']","tw","Chinese Ambassador Twitter handle","chinese_ambassador_twitter_handle","China2ASEAN","ChinaSocialMedia20200928.xlsx"
"handle","71","['english', 'german', 'n/a']","tw","Chinese Ambassador Twitter handle","chinese_ambassador_twitter_handle","li_xiaosi","ChinaSocialMedia20200928.xlsx"
"handle","72","['english', 'n/a', 'n/a']","tw","Chinese Ambassador Twitter handle","chinese_ambassador_twitter_handle","YXiusheng","ChinaSocialMedia20200928.xlsx"
"handle","73","['english', 'french', 'n/a']","tw","Chinese Ambassador Twitter handle","chinese_ambassador_twitter_handle","ChinaAmbBelgium","ChinaSocialMedia20200928.xlsx"
"handle","74","['english', 'n/a', 'n/a']","tw","Chinese Ambassador Twitter handle","chinese_ambassador_twitter_handle","DrZhaoYanbo","ChinaSocialMedia20200928.xlsx"
"handle","75","['english', 'n/a', 'n/a']","tw","Chinese Ambassador Twitter handle","chinese_ambassador_twitter_handle","WanmingYang","ChinaSocialMedia20200928.xlsx"
"handle","76","['english', 'mandarin', 'n/a']","tw","Chinese Ambassador Twitter handle","chinese_ambassador_twitter_handle","AmbassadorHuang","ChinaSocialMedia20200928.xlsx"
"handle","77","['spanish', 'english', 'n/a']","tw","Chinese Ambassador Twitter handle","chinese_ambassador_twitter_handle","EmbZhangRun","ChinaSocialMedia20200928.xlsx"
"handle","78","['arabic', 'english', 'n/a']","tw","Chinese Ambassador Twitter handle","chinese_ambassador_twitter_handle","AmbLiaoLiqiang","ChinaSocialMedia20200928.xlsx"
"handle","79","['spanish', 'n/a', 'n/a']","tw","Chinese Ambassador Twitter handle","chinese_ambassador_twitter_handle","oujianhong","ChinaSocialMedia20200928.xlsx"
"handle","80","['english', 'n/a', 'n/a']","tw","Chinese Ambassador Twitter handle","chinese_ambassador_twitter_handle","DrZhaoyongchen","ChinaSocialMedia20200928.xlsx"
"handle","81","['english', 'n/a', 'n/a']","tw","Chinese Ambassador Twitter handle","chinese_ambassador_twitter_handle","China_Amb_India","ChinaSocialMedia20200928.xlsx"
"handle","82","['english', 'persian', 'n/a']","tw","Chinese Ambassador Twitter handle","chinese_ambassador_twitter_handle","AmbChangHua","ChinaSocialMedia20200928.xlsx"
"handle","83","['arabic', 'english', 'n/a']","tw","Chinese Ambassador Twitter handle","chinese_ambassador_twitter_handle","ChinainLebanon","ChinaSocialMedia20200928.xlsx"
"handle","84","['english', 'n/a', 'n/a']","tw","Chinese Ambassador Twitter handle","chinese_ambassador_twitter_handle","LiuHongyang4","ChinaSocialMedia20200928.xlsx"
"handle","85","['english', 'n/a', 'n/a']","tw","Chinese Ambassador Twitter handle","chinese_ambassador_twitter_handle","AmbassadorZhang","ChinaSocialMedia20200928.xlsx"
"handle","86","['french', 'n/a', 'n/a']","tw","Chinese Ambassador Twitter handle","chinese_ambassador_twitter_handle","LiyingZHU1","ChinaSocialMedia20200928.xlsx"
"handle","87","['french', 'english', 'arabic']","tw","Chinese Ambassador Twitter handle","chinese_ambassador_twitter_handle","AmbassadeurLiLi","ChinaSocialMedia20200928.xlsx"
"handle","88","['english', 'n/a', 'n/a']","tw","Chinese Ambassador Twitter handle","chinese_ambassador_twitter_handle","Amb_Yiming","ChinaSocialMedia20200928.xlsx"
"handle","89","['english', 'nepali', 'n/a']","tw","Chinese Ambassador Twitter handle","chinese_ambassador_twitter_handle","PRCAmbNepal","ChinaSocialMedia20200928.xlsx"
"handle","90","['english', 'dutch', 'n/a']","tw","Chinese Ambassador Twitter handle","chinese_ambassador_twitter_handle","PRCAmbNL","ChinaSocialMedia20200928.xlsx"
"handle","91","['spanish', 'english', 'n/a']","tw","Chinese Ambassador Twitter handle","chinese_ambassador_twitter_handle","weiasecas","ChinaSocialMedia20200928.xlsx"
"handle","92","['polish', 'english', 'n/a']","tw","Chinese Ambassador Twitter handle","chinese_ambassador_twitter_handle","AmbLiuGuangYuan","ChinaSocialMedia20200928.xlsx"
"handle","93","['english', 'arabic', 'n/a']","tw","Chinese Ambassador Twitter handle","chinese_ambassador_twitter_handle","AmbZhouJian","ChinaSocialMedia20200928.xlsx"
"handle","94","['arabic', 'english', 'chinese']","tw","Chinese Ambassador Twitter handle","chinese_ambassador_twitter_handle","AmbChenWeiQing","ChinaSocialMedia20200928.xlsx"
"handle","95","['serbian', 'serbian', 'n/a']","tw","Chinese Ambassador Twitter handle","chinese_ambassador_twitter_handle","AmbChenBo","ChinaSocialMedia20200928.xlsx"
"handle","96","['english', 'n/a', 'n/a']","tw","Chinese Ambassador Twitter handle","chinese_ambassador_twitter_handle","AmbLiuQuan","ChinaSocialMedia20200928.xlsx"
"handle","97","['arabic', 'chinese', 'n/a']","tw","Chinese Ambassador Twitter handle","chinese_ambassador_twitter_handle","AmbFengBiao","ChinaSocialMedia20200928.xlsx"
"handle","98","['english', 'n/a', 'n/a']","tw","Chinese Ambassador Twitter handle","chinese_ambassador_twitter_handle","ChinaAmbUganda","ChinaSocialMedia20200928.xlsx"
"handle","99","['english', 'n/a', 'n/a']","tw","Chinese Ambassador Twitter handle","chinese_ambassador_twitter_handle","AmbLiuXiaoMing","ChinaSocialMedia20200928.xlsx"
"handle","100","['english', 'n/a', 'n/a']","tw","Chinese Ambassador Twitter handle","chinese_ambassador_twitter_handle","Amb_ChenXu","ChinaSocialMedia20200928.xlsx"
"handle","101","['english', 'n/a', 'n/a']","tw","Chinese Ambassador Twitter handle","chinese_ambassador_twitter_handle","ChinaAmbUN","ChinaSocialMedia20200928.xlsx"
"handle","102","['english', 'mandarin', 'n/a']","tw","Chinese Ambassador Twitter handle","chinese_ambassador_twitter_handle","AmbCuiTiankai","ChinaSocialMedia20200928.xlsx"
"handle","103","['spanish', 'english', 'n/a']","tw","Chinese Ambassador Twitter handle","chinese_ambassador_twitter_handle","Li_Baorong","ChinaSocialMedia20200928.xlsx"
"handle","104","['english', 'n/a', 'n/a']","tw","Chinese Ambassador Twitter handle","chinese_ambassador_twitter_handle","China_Amb_Zim","ChinaSocialMedia20200928.xlsx"
"handle","105","['english']","tw","Chinese Press Officer Twitter handle","chinese_press_officer_twitter_handle","WangXianfeng8","ChinaSocialMedia20200928.xlsx"
"handle","106","['n/a', 'n/a']","tw","Deputy chief of mission Twitter handle","deputy_chief_of_mission_twitter_handle","Yiwen_zh","ChinaSocialMedia20200928.xlsx"
"handle","107","['spanish', 'english']","tw","Deputy chief of mission Twitter handle","deputy_chief_of_mission_twitter_handle","liuboleo2","ChinaSocialMedia20200928.xlsx"
"link","108","['dari', 'n/a', 'n/a']","fb","Main Facebook Page Link","chinese_embassy_facebook_page_link","https://www.facebook.com/ChineseEmbassyinAfghanistanDari/","ChinaSocialMedia20200928.xlsx"
"link","109","['arabic', 'n/a', 'n/a']","fb","Main Facebook Page Link","chinese_embassy_facebook_page_link","https://www.facebook.com/Ambassade-de-Chine-en-Alg%C3%A9rie-855578524460798/","ChinaSocialMedia20200928.xlsx"
"link","110","['english', 'n/a', 'n/a']","fb","Main Facebook Page Link","chinese_embassy_facebook_page_link","https://www.facebook.com/ChinaEmbAngola/","ChinaSocialMedia20200928.xlsx"
"link","111","['english', 'n/a', 'n/a']","fb","Main Facebook Page Link","chinese_embassy_facebook_page_link","https://www.facebook.com/ChinainAus/","ChinaSocialMedia20200928.xlsx"
"link","112","['bengali', 'n/a', 'n/a']","fb","Main Facebook Page Link","chinese_embassy_facebook_page_link","https://www.facebook.com/chinaembd/?comment_id=Y29tbWVudDoxODE0ODcxMTk5ODgzOTNfMTgxNDg4MDA5OTg4MzA0","ChinaSocialMedia20200928.xlsx"
"link","113","['english', 'n/a', 'n/a']","fb","Main Facebook Page Link","chinese_embassy_facebook_page_link","https://www.facebook.com/ChineseEmbassyinBB/","ChinaSocialMedia20200928.xlsx"
"link","114","['chinese', 'n/a', 'n/a']","fb","Main Facebook Page Link","chinese_embassy_facebook_page_link","https://www.facebook.com/chinaemb.by/","ChinaSocialMedia20200928.xlsx"
"link","115","['french', 'n/a', 'n/a']","fb","Main Facebook Page Link","chinese_embassy_facebook_page_link","https://www.facebook.com/BEEmbassyChina/","ChinaSocialMedia20200928.xlsx"
"link","116","['english', 'n/a', 'n/a']","fb","Main Facebook Page Link","chinese_embassy_facebook_page_link","https://www.facebook.com/bw.chineseembassy/","ChinaSocialMedia20200928.xlsx"
"link","117","['english', 'n/a', 'n/a']","fb","Main Facebook Page Link","chinese_embassy_facebook_page_link","https://www.facebook.com/Chinaembbn/?ref=py_c","ChinaSocialMedia20200928.xlsx"
"link","118","['english', 'n/a', 'n/a']","fb","Main Facebook Page Link","chinese_embassy_facebook_page_link","https://www.facebook.com/chineseembassyinbulgaria/?ref=page_internal&path=%2Fchineseembassyinbulgaria%2F","ChinaSocialMedia20200928.xlsx"
"link","119","['english', 'n/a', 'n/a']","fb","Main Facebook Page Link","chinese_embassy_facebook_page_link","https://www.facebook.com/ambchineburkina/","ChinaSocialMedia20200928.xlsx"
"link","120","['english', 'n/a', 'n/a']","fb","Main Facebook Page Link","chinese_embassy_facebook_page_link","https://www.facebook.com/ChineseEmbassyCambodia/","ChinaSocialMedia20200928.xlsx"
"link","121","['french', 'n/a', 'n/a']","fb","Main Facebook Page Link","chinese_embassy_facebook_page_link","https://www.facebook.com/AmbChineCmr/","ChinaSocialMedia20200928.xlsx"
"link","122","['spanish', 'n/a', 'n/a']","fb","Main Facebook Page Link","chinese_embassy_facebook_page_link","https://www.facebook.com/chinaembajada/","ChinaSocialMedia20200928.xlsx"
"link","123","['english', 'n/a', 'n/a']","fb","Main Facebook Page Link","chinese_embassy_facebook_page_link","https://www.facebook.com/EmbajadaChinaCostaRica/","ChinaSocialMedia20200928.xlsx"
"link","124","['czech', 'english', 'n/a']","fb","Main Facebook Page Link","chinese_embassy_facebook_page_link","https://www.facebook.com/chinaembassy.cz/","ChinaSocialMedia20200928.xlsx"
"link","125","['portuguese?', 'english', 'n/a']","fb","Main Facebook Page Link","chinese_embassy_facebook_page_link","https://www.facebook.com/EmbassyofChinainTimorLeste/","ChinaSocialMedia20200928.xlsx"
"link","126","['spanish', 'english', 'n/a']","fb","Main Facebook Page Link","chinese_embassy_facebook_page_link","https://www.facebook.com/EmbajadaChinaSV/","ChinaSocialMedia20200928.xlsx"
"link","127","['english', 'n/a', 'n/a']","fb","Main Facebook Page Link","chinese_embassy_facebook_page_link","https://www.facebook.com/chineseembassyinestonia/","ChinaSocialMedia20200928.xlsx"
"link","128","['english', 'n/a', 'n/a']","fb","Main Facebook Page Link","chinese_embassy_facebook_page_link","https://www.facebook.com/ChinaEmbAddis/","ChinaSocialMedia20200928.xlsx"
"link","129","['english', 'n/a', 'n/a']","fb","Main Facebook Page Link","chinese_embassy_facebook_page_link","https://www.facebook.com/ChinaEUMission/","ChinaSocialMedia20200928.xlsx"
"link","130","['french', 'english', 'n/a']","fb","Main Facebook Page Link","chinese_embassy_facebook_page_link","https://www.facebook.com/AmbassadeChine/","ChinaSocialMedia20200928.xlsx"
"link","131","['english', 'n/a', 'n/a']","fb","Main Facebook Page Link","chinese_embassy_facebook_page_link","https://www.facebook.com/chinaembgm/","ChinaSocialMedia20200928.xlsx"
"link","132","['english', 'n/a', 'n/a']","fb","Main Facebook Page Link","chinese_embassy_facebook_page_link","https://www.facebook.com/ChineseEmbassyinGeorgia/","ChinaSocialMedia20200928.xlsx"
"link","133","['english', 'n/a', 'n/a']","fb","Main Facebook Page Link","chinese_embassy_facebook_page_link","https://www.facebook.com/ChineseEmbGuyana/","ChinaSocialMedia20200928.xlsx"
"link","134","['english', 'n/a', 'n/a']","fb","Main Facebook Page Link","chinese_embassy_facebook_page_link","https://www.facebook.com/ChinaEmbHungary/","ChinaSocialMedia20200928.xlsx"
"link","135","['indonesian', 'english', 'n/a']","fb","Main Facebook Page Link","chinese_embassy_facebook_page_link","https://www.facebook.com/ChineseEmbassyinIndonesia/","ChinaSocialMedia20200928.xlsx"
"link","136","['arabic', 'english', 'n/a']","fb","Main Facebook Page Link","chinese_embassy_facebook_page_link","https://www.facebook.com/chineseembassyiniraq1/","ChinaSocialMedia20200928.xlsx"
"link","137","['russian', 'kazakh', 'n/a']","fb","Main Facebook Page Link","chinese_embassy_facebook_page_link","https://www.facebook.com/ChinaAmbassadorKazakh","ChinaSocialMedia20200928.xlsx"
"link","138","['chinese', 'korean', 'n/a']","fb","Main Facebook Page Link","chinese_embassy_facebook_page_link","https://www.facebook.com/kr.chinaembassy","ChinaSocialMedia20200928.xlsx"
"link","139","['english', 'n/a', 'n/a']","fb","Main Facebook Page Link","chinese_embassy_facebook_page_link","https://www.facebook.com/EmbassyofChinainLatvia/","ChinaSocialMedia20200928.xlsx"
"link","140","['arabic', 'english', 'n/a']","fb","Main Facebook Page Link","chinese_embassy_facebook_page_link","https://www.facebook.com/ChinainLebanon/","ChinaSocialMedia20200928.xlsx"
"link","141","['english', 'n/a', 'n/a']","fb","Main Facebook Page Link","chinese_embassy_facebook_page_link","https://www.facebook.com/chinaembassynmk/","ChinaSocialMedia20200928.xlsx"
"link","142","['english', 'n/a', 'n/a']","fb","Main Facebook Page Link","chinese_embassy_facebook_page_link","https://www.facebook.com/chinaembmy/","ChinaSocialMedia20200928.xlsx"
"link","143","['french', 'arabic', 'n/a']","fb","Main Facebook Page Link","chinese_embassy_facebook_page_link","https://www.facebook.com/%E4%B8%AD%E5%9B%BD%E9%A9%BB%E6%AF%9B%E9%87%8C%E5%A1%94%E5%B0%BC%E4%BA%9A%E4%BD%BF%E9%A6%86Ambassade-de-Chine-en-Mauritanie%D8%A7%D9%84%D8%B3%D9%81%D8%A7%D8%B1%D8%A9-%D8%A7%D9%84%D8%B5%D9%8A%D9%86%D9%8A%D8%A9-%D9%84%D8%AF%D9%89-%D9%85%D9%88%D8%B1%D9%8A%D8%AA%D8%A7%D9%86%D9%8A%D8%A7-110246073688758","ChinaSocialMedia20200928.xlsx"
"link","144","['english', 'romanian', 'n/a']","fb","Main Facebook Page Link","chinese_embassy_facebook_page_link","https://www.facebook.com/Ambasada.Chinei.in.Moldova/","ChinaSocialMedia20200928.xlsx"
"link","145","['burmese', 'english', 'n/a']","fb","Main Facebook Page Link","chinese_embassy_facebook_page_link","https://www.facebook.com/paukphawfriendship/","ChinaSocialMedia20200928.xlsx"
"link","146","['english', 'n/a', 'n/a']","fb","Main Facebook Page Link","chinese_embassy_facebook_page_link","https://www.facebook.com/ChineseEmbassyinNamibia/","ChinaSocialMedia20200928.xlsx"
"link","147","['english', 'n/a', 'n/a']","fb","Main Facebook Page Link","chinese_embassy_facebook_page_link","https://www.facebook.com/ChinaEmbNepal/","ChinaSocialMedia20200928.xlsx"
"link","148","['english', 'n/a', 'n/a']","fb","Main Facebook Page Link","chinese_embassy_facebook_page_link","https://www.facebook.com/ChineseEmbassyInNZ/","ChinaSocialMedia20200928.xlsx"
"link","149","['english', 'n/a', 'n/a']","fb","Main Facebook Page Link","chinese_embassy_facebook_page_link","https://www.facebook.com/ChineseEmbassyInNigeria/","ChinaSocialMedia20200928.xlsx"
"link","150","['norwegian', 'english', 'n/a']","fb","Main Facebook Page Link","chinese_embassy_facebook_page_link","https://www.facebook.com/ChinaInNorway/","ChinaSocialMedia20200928.xlsx"
"link","151","['english', 'n/a', 'n/a']","fb","Main Facebook Page Link","chinese_embassy_facebook_page_link","https://www.facebook.com/ChineseEmbPNG/","ChinaSocialMedia20200928.xlsx"
"link","152","['english', 'n/a', 'n/a']","fb","Main Facebook Page Link","chinese_embassy_facebook_page_link","https://www.facebook.com/ChinaEmbassyManila/","ChinaSocialMedia20200928.xlsx"
"link","153","['english', 'n/a', 'n/a']","fb","Main Facebook Page Link","chinese_embassy_facebook_page_link","https://www.facebook.com/ChinaEmbPoland/?rf=1474819296069068","ChinaSocialMedia20200928.xlsx"
"link","154","['english', 'n/a', 'n/a']","fb","Main Facebook Page Link","chinese_embassy_facebook_page_link","https://www.facebook.com/AmbasadaChineiinRomania/?rf=287193445231187","ChinaSocialMedia20200928.xlsx"
"link","155","['english', 'n/a', 'n/a']","fb","Main Facebook Page Link","chinese_embassy_facebook_page_link","https://www.facebook.com/chinaandsamoa/","ChinaSocialMedia20200928.xlsx"
"link","156","['arabic', 'english', 'n/a']","fb","Main Facebook Page Link","chinese_embassy_facebook_page_link","https://www.facebook.com/ChinaEmbKSA/","ChinaSocialMedia20200928.xlsx"
"link","157","['english', 'chinese', 'n/a']","fb","Main Facebook Page Link","chinese_embassy_facebook_page_link","https://www.facebook.com/Chinaemb.SG/","ChinaSocialMedia20200928.xlsx"
"link","158","['english', 'n/a', 'n/a']","fb","Main Facebook Page Link","chinese_embassy_facebook_page_link","https://www.facebook.com/ChinaEmbSVK/","ChinaSocialMedia20200928.xlsx"
"link","159","['english', 'chinese', 'n/a']","fb","Main Facebook Page Link","chinese_embassy_facebook_page_link","https://www.facebook.com/chinainsa/","ChinaSocialMedia20200928.xlsx"
"link","160","['english', 'n/a', 'n/a']","fb","Main Facebook Page Link","chinese_embassy_facebook_page_link","https://www.facebook.com/chinaemb.ss/","ChinaSocialMedia20200928.xlsx"
"link","161","['thai', 'n/a', 'n/a']","fb","Main Facebook Page Link","chinese_embassy_facebook_page_link","https://www.facebook.com/ChineseEmbassyinBangkok/","ChinaSocialMedia20200928.xlsx"
"link","162","['arabic', 'chinese', 'french']","fb","Main Facebook Page Link","chinese_embassy_facebook_page_link","https://www.facebook.com/AmbassadedeChineenTunisie/","ChinaSocialMedia20200928.xlsx"
"link","163","['turkish', 'english', 'n/a']","fb","Main Facebook Page Link","chinese_embassy_facebook_page_link","https://www.facebook.com/ChinaEmbTurkey/","ChinaSocialMedia20200928.xlsx"
"link","164","['english', 'n/a', 'n/a']","fb","Main Facebook Page Link","chinese_embassy_facebook_page_link","https://www.facebook.com/Chinese.Emb.Uga/","ChinaSocialMedia20200928.xlsx"
"link","165","['ukrainian', 'english', 'n/a']","fb","Main Facebook Page Link","chinese_embassy_facebook_page_link","https://www.facebook.com/chinaembua/","ChinaSocialMedia20200928.xlsx"
"link","166","['english', 'n/a', 'n/a']","fb","Main Facebook Page Link","chinese_embassy_facebook_page_link","https://www.facebook.com/ChineseEmbassyinUS/","ChinaSocialMedia20200928.xlsx"
"link","167","['english', 'n/a', 'n/a']","fb","Main Facebook Page Link","chinese_embassy_facebook_page_link","https://www.facebook.com/www.chinaembassy.org.zw/","ChinaSocialMedia20200928.xlsx"
"handle","168","['french']","tw","Consul General Twitter handle","consul_general_twitter_handle","consulat_de","ChinaSocialMedia20200928.xlsx"
"handle","169","['french']","tw","Consul General Twitter handle","consul_general_twitter_handle","China_Lyon","ChinaSocialMedia20200928.xlsx"
"handle","170","['english']","tw","Consul General Twitter handle","consul_general_twitter_handle","CGZhangPingLA","ChinaSocialMedia20200928.xlsx"
"handle","171","['english', 'n/a']","tw","CG/Mission Twitter handle","cg_mission_twitter_handle","chinaconsydney","ChinaSocialMedia20200928.xlsx"
"handle","172","['spanish', 'n/a']","tw","CG/Mission Twitter handle","cg_mission_twitter_handle","ConsuladoCHNSC","ChinaSocialMedia20200928.xlsx"
"handle","173","['english', 'n/a']","tw","CG/Mission Twitter handle","cg_mission_twitter_handle","ChinaCGCalgary","ChinaSocialMedia20200928.xlsx"
"handle","174","['english', 'french']","tw","CG/Mission Twitter handle","cg_mission_twitter_handle","ChinaCGMTL","ChinaSocialMedia20200928.xlsx"
"handle","175","['german', 'n/a']","tw","CG/Mission Twitter handle","cg_mission_twitter_handle","GeneralkonsulDu","ChinaSocialMedia20200928.xlsx"
"handle","176","['english', 'n/a']","tw","CG/Mission Twitter handle","cg_mission_twitter_handle","chinacgedi","ChinaSocialMedia20200928.xlsx"
"handle","177","['english', 'n/a']","tw","CG/Mission Twitter handle","cg_mission_twitter_handle","ConsulateSan","ChinaSocialMedia20200928.xlsx"
"handle","178","['english', 'n/a']","tw","CG/Mission Twitter handle","cg_mission_twitter_handle","ChinaConsulate","ChinaSocialMedia20200928.xlsx"
"handle","179","['english']","fb","Consulate General Facebook handle","consulate_general_facebook_handle","chineseconsulatesf","ChinaSocialMedia20200928.xlsx"
"handle","180","['english']","fb","Consulate General Facebook handle","consulate_general_facebook_handle","ChinaConsulateCHGO","ChinaSocialMedia20200928.xlsx"
"handle","181","['english']","fb","Consulate General Facebook handle","consulate_general_facebook_handle","ChineseConsulateLA","ChinaSocialMedia20200928.xlsx"
"handle","182","['english']","fb","Consulate General Facebook handle","consulate_general_facebook_handle","chinaconsulNY","ChinaSocialMedia20200928.xlsx"
"handle","183","['english', 'mandarin']","tw","Ministry official Twitter handle","ministry_official_twitter_handle","zlj517","ChinaSocialMedia20200928.xlsx"
"handle","184","['english', 'mandarin']","tw","Ministry official Twitter handle","ministry_official_twitter_handle","SpokespersonCHN","ChinaSocialMedia20200928.xlsx"
"handle","185","['english', 'mandarin']","tw","Ministry official Twitter handle","ministry_official_twitter_handle","MFA_China","ChinaSocialMedia20200928.xlsx"
"handle","186","['english', 'mandarin']","tw","Ministry official Twitter handle","ministry_official_twitter_handle","chinascio","ChinaSocialMedia20200928.xlsx"
"handle","187","['english', 'mandarin']","tw","Ministry official Twitter handle","ministry_official_twitter_handle","SpokespersonHZM","ChinaSocialMedia20200928.xlsx"
"handle","188","['english', 'mandarin']","tw","Ministry official Twitter handle","ministry_official_twitter_handle","cidcaofficial","ChinaSocialMedia20200928.xlsx"
"handle","189","['english', 'mandarin']","tw","Ministry official Twitter handle","ministry_official_twitter_handle","FuCong17","ChinaSocialMedia20200928.xlsx"
"handle","190","['english']","tw","Media outlet Twitter handle","media_outlet_twitter_handle","CGTNOfficial","ChinaSocialMedia20200928.xlsx"
"handle","191","['english']","tw","Media outlet Twitter handle","media_outlet_twitter_handle","caixin","ChinaSocialMedia20200928.xlsx"
"handle","192","['english']","tw","Media outlet Twitter handle","media_outlet_twitter_handle","XHNews","ChinaSocialMedia20200928.xlsx"
"handle","193","['english']","tw","Media outlet Twitter handle","media_outlet_twitter_handle","PDChinaHK","ChinaSocialMedia20200928.xlsx"
"handle","194","['english']","tw","Media outlet Twitter handle","media_outlet_twitter_handle","ChinaDaily","ChinaSocialMedia20200928.xlsx"
"handle","195","['english']","tw","Media outlet Twitter handle","media_outlet_twitter_handle","globaltimesnews","ChinaSocialMedia20200928.xlsx"
"handle","196","['chinese']","tw","Media outlet Twitter handle","media_outlet_twitter_handle","XinhuaChinese","ChinaSocialMedia20200928.xlsx"
"handle","197","['english']","tw","Media outlet Twitter handle","media_outlet_twitter_handle","chinaorgcn","ChinaSocialMedia20200928.xlsx"
"handle","198","['english']","tw","Media outlet Twitter handle","media_outlet_twitter_handle","CCTV","ChinaSocialMedia20200928.xlsx"
"handle","199","['french']","tw","Media outlet Twitter handle","media_outlet_twitter_handle","CGTNFrancais","ChinaSocialMedia20200928.xlsx"
"handle","200","['chinese']","tw","Media outlet Twitter handle","media_outlet_twitter_handle","PDChinese","ChinaSocialMedia20200928.xlsx"
"handle","201","['arabic']","tw","Media outlet Twitter handle","media_outlet_twitter_handle","cgtnarabic","ChinaSocialMedia20200928.xlsx"
"handle","202","['english']","tw","Media outlet Twitter handle","media_outlet_twitter_handle","XHSports","ChinaSocialMedia20200928.xlsx"
"handle","203","['english']","tw","Media outlet Twitter handle","media_outlet_twitter_handle","Echinanews","ChinaSocialMedia20200928.xlsx"
"handle","204","['spanish']","tw","Media outlet Twitter handle","media_outlet_twitter_handle","cgtnenespanol","ChinaSocialMedia20200928.xlsx"
"handle","205","['english']","tw","Media outlet Twitter handle","media_outlet_twitter_handle","XinhuaTravel","ChinaSocialMedia20200928.xlsx"
"handle","206","['chinese']","tw","Media outlet Twitter handle","media_outlet_twitter_handle","CNS1952","ChinaSocialMedia20200928.xlsx"
"handle","207","['english']","tw","Media outlet Twitter handle","media_outlet_twitter_handle","FlyOverChina","ChinaSocialMedia20200928.xlsx"
"handle","208","['english']","tw","Media outlet Twitter handle","media_outlet_twitter_handle","shanghaidaily","ChinaSocialMedia20200928.xlsx"
"handle","209","['english']","tw","Media outlet Twitter handle","media_outlet_twitter_handle","cgtnamerica","ChinaSocialMedia20200928.xlsx"
"handle","210","['english']","tw","Media outlet Twitter handle","media_outlet_twitter_handle","yicaichina","ChinaSocialMedia20200928.xlsx"
"handle","211","['chinese']","tw","Media outlet Twitter handle","media_outlet_twitter_handle","Guangming_Daily","ChinaSocialMedia20200928.xlsx"
"handle","212","['spanish']","tw","Media outlet Twitter handle","media_outlet_twitter_handle","PuebloEnLnea","ChinaSocialMedia20200928.xlsx"
"handle","213","['english']","tw","Media outlet Twitter handle","media_outlet_twitter_handle","cgtnafrica","ChinaSocialMedia20200928.xlsx"
"handle","214","['arabic']","tw","Media outlet Twitter handle","media_outlet_twitter_handle","PeopleArabic","ChinaSocialMedia20200928.xlsx"
"handle","215","['spanish']","tw","Media outlet Twitter handle","media_outlet_twitter_handle","XHespanol","ChinaSocialMedia20200928.xlsx"
"handle","216","['english']","tw","Media outlet Twitter handle","media_outlet_twitter_handle","BeijingReview","ChinaSocialMedia20200928.xlsx"
"handle","217","['french']","tw","Media outlet Twitter handle","media_outlet_twitter_handle","french_renmin","ChinaSocialMedia20200928.xlsx"
"handle","218","['french']","tw","Media outlet Twitter handle","media_outlet_twitter_handle","CriFrancais","ChinaSocialMedia20200928.xlsx"
"handle","219","['english']","tw","Media outlet Twitter handle","media_outlet_twitter_handle","SixthTone","ChinaSocialMedia20200928.xlsx"
"handle","220","['japanese']","tw","Media outlet Twitter handle","media_outlet_twitter_handle","XHJapanese","ChinaSocialMedia20200928.xlsx"
"handle","221","['english']","tw","Media outlet Twitter handle","media_outlet_twitter_handle","XHNorthAmerica","ChinaSocialMedia20200928.xlsx"
"handle","222","['japanese']","tw","Media outlet Twitter handle","media_outlet_twitter_handle","peopledailyJP","ChinaSocialMedia20200928.xlsx"
"handle","223","['english']","tw","Media outlet Twitter handle","media_outlet_twitter_handle","ShanghaiEye","ChinaSocialMedia20200928.xlsx"
"handle","224","['english']","tw","Media outlet Twitter handle","media_outlet_twitter_handle","ChinaDailyAsia","ChinaSocialMedia20200928.xlsx"
"handle","225","['english']","tw","Media outlet Twitter handle","media_outlet_twitter_handle","CCTV_Plus","ChinaSocialMedia20200928.xlsx"
"handle","226","['german']","tw","Media outlet Twitter handle","media_outlet_twitter_handle","RenminDeutsch","ChinaSocialMedia20200928.xlsx"
"handle","227","['english']","tw","Media outlet Twitter handle","media_outlet_twitter_handle","Chinacultureorg","ChinaSocialMedia20200928.xlsx"
"handle","228","['japanese']","tw","Media outlet Twitter handle","media_outlet_twitter_handle","CRIjpn","ChinaSocialMedia20200928.xlsx"
"handle","229","['chinese']","tw","Media outlet Twitter handle","media_outlet_twitter_handle","GlobalTimes_CN","ChinaSocialMedia20200928.xlsx"
"handle","230","['french']","tw","Media outlet Twitter handle","media_outlet_twitter_handle","Chine Nouvelle","ChinaSocialMedia20200928.xlsx"
"handle","231","['burmese']","tw","Media outlet Twitter handle","media_outlet_twitter_handle","XHMyanmar","ChinaSocialMedia20200928.xlsx"
"handle","232","['portuguese']","tw","Media outlet Twitter handle","media_outlet_twitter_handle","XHportugues","ChinaSocialMedia20200928.xlsx"
"handle","233","['english']","tw","Media outlet Twitter handle","media_outlet_twitter_handle","ChinaDailyEU","ChinaSocialMedia20200928.xlsx"
"handle","234","['swahili']","tw","Media outlet Twitter handle","media_outlet_twitter_handle","XHSwahili","ChinaSocialMedia20200928.xlsx"
"handle","235","['chinese']","tw","Media outlet Twitter handle","media_outlet_twitter_handle","ChinaYouthOL","ChinaSocialMedia20200928.xlsx"
"handle","236","['chinese']","tw","Media outlet Twitter handle","media_outlet_twitter_handle","Chinadaily_CH","ChinaSocialMedia20200928.xlsx"
"handle","237","['english']","tw","Media outlet Twitter handle","media_outlet_twitter_handle","CGTNEurope","ChinaSocialMedia20200928.xlsx"
"handle","238","['chinese']","tw","Media outlet Twitter handle","media_outlet_twitter_handle","thepapercn","ChinaSocialMedia20200928.xlsx"
"handle","239","['german']","tw","Media outlet Twitter handle","media_outlet_twitter_handle","XHdeutsch","ChinaSocialMedia20200928.xlsx"
"handle","240","['arabic']","tw","Media outlet Twitter handle","media_outlet_twitter_handle","cctvarabic","ChinaSocialMedia20200928.xlsx"
"handle","241","['english']","tw","Media outlet Twitter handle","media_outlet_twitter_handle","ChinaScience","ChinaSocialMedia20200928.xlsx"
"handle","242","['english']","tw","Media outlet Twitter handle","media_outlet_twitter_handle","PDChinaBusiness","ChinaSocialMedia20200928.xlsx"
"handle","243","['english']","tw","Media outlet Twitter handle","media_outlet_twitter_handle","PDChinaLife","ChinaSocialMedia20200928.xlsx"
"handle","244","['english']","tw","Media outlet Twitter handle","media_outlet_twitter_handle","ChinaPlusNews","ChinaSocialMedia20200928.xlsx"
"handle","245","['arabic']","tw","Media outlet Twitter handle","media_outlet_twitter_handle","criarabic","ChinaSocialMedia20200928.xlsx"
"handle","246","['arabic']","tw","Media outlet Twitter handle","media_outlet_twitter_handle","ArabicOrg","ChinaSocialMedia20200928.xlsx"
"handle","247","['arabic']","fb","Media outlet Facebook handle","media_outlet_facebook_handle","cgtnarabic","ChinaSocialMedia20200928.xlsx"
"handle","248","['arabic']","fb","Media outlet Facebook handle","media_outlet_facebook_handle","peoplearabic","ChinaSocialMedia20200928.xlsx"
"handle","249","['arabic']","fb","Media outlet Facebook handle","media_outlet_facebook_handle","criarabic1","ChinaSocialMedia20200928.xlsx"
"handle","250","['arabic']","fb","Media outlet Facebook handle","media_outlet_facebook_handle","ChinaorgcnArabic","ChinaSocialMedia20200928.xlsx"
"handle","251","['russian']","tw","Institute Twitter handle","institute_twitter_handle","MSLU_BY","ChinaSocialMedia20200928.xlsx"
"handle","252","['japanese']","tw","Institute Twitter handle","institute_twitter_handle","kogakuin_cik","ChinaSocialMedia20200928.xlsx"
"handle","253","['english']","tw","Institute Twitter handle","institute_twitter_handle","ConfuciusMCR","ChinaSocialMedia20200928.xlsx"
"handle","254","['english']","tw","Institute Twitter handle","institute_twitter_handle","OBUConfucius","ChinaSocialMedia20200928.xlsx"
"handle","255","['english']","tw","Institute Twitter handle","institute_twitter_handle","CI4Scotland","ChinaSocialMedia20200928.xlsx"
"handle","256","['english']","tw","Institute Twitter handle","institute_twitter_handle","Confucius_HWU","ChinaSocialMedia20200928.xlsx"
"handle","257","['english']","tw","Institute Twitter handle","institute_twitter_handle","Confucius_UoS","ChinaSocialMedia20200928.xlsx"
"handle","258","['english']","tw","Institute Twitter handle","institute_twitter_handle","LeedsConfucius","ChinaSocialMedia20200928.xlsx"
"handle","259","['english']","tw","Institute Twitter handle","institute_twitter_handle","UCL_IOE_CI","ChinaSocialMedia20200928.xlsx"
"handle","260","['english']","tw","Institute Twitter handle","institute_twitter_handle","ConfuciusAbUni","ChinaSocialMedia20200928.xlsx"
"handle","261","['english']","tw","Institute Twitter handle","institute_twitter_handle","confuciusedgehi","ChinaSocialMedia20200928.xlsx"
"handle","262","['english']","tw","Institute Twitter handle","institute_twitter_handle","DMU_CI","ChinaSocialMedia20200928.xlsx"
"handle","263","['english']","tw","Institute Twitter handle","institute_twitter_handle","GoldsmithsCI","ChinaSocialMedia20200928.xlsx"
"handle","264","['english']","tw","Institute Twitter handle","institute_twitter_handle","ConfuciusTmt","ChinaSocialMedia20200928.xlsx"
"handle","265","['english']","tw","Institute Twitter handle","institute_twitter_handle","Lancaster_CI","ChinaSocialMedia20200928.xlsx"
"handle","266","['english']","tw","Institute Twitter handle","institute_twitter_handle","CIforTCMLondon","ChinaSocialMedia20200928.xlsx"
"handle","267","['english']","tw","Institute Twitter handle","institute_twitter_handle","nottingham_ci","ChinaSocialMedia20200928.xlsx"
"handle","268","['english']","tw","Institute Twitter handle","institute_twitter_handle","CardiffCI","ChinaSocialMedia20200928.xlsx"
"handle","269","['english']","tw","Institute Twitter handle","institute_twitter_handle","UCLan_CI","ChinaSocialMedia20200928.xlsx"
"handle","270","['english']","tw","Institute Twitter handle","institute_twitter_handle","ConfuciusTSD","ChinaSocialMedia20200928.xlsx"
"handle","271","['english']","tw","Institute Twitter handle","institute_twitter_handle","CISSStrathclyde","ChinaSocialMedia20200928.xlsx"
"handle","272","['english']","tw","Institute Twitter handle","institute_twitter_handle","ConfuciusBangor","ChinaSocialMedia20200928.xlsx"
"handle","273","['english']","tw","Institute Twitter handle","institute_twitter_handle","HullConfucius","ChinaSocialMedia20200928.xlsx"
"handle","274","['english']","tw","Institute Twitter handle","institute_twitter_handle","ConfuciusCovuni","ChinaSocialMedia20200928.xlsx"
"handle","275","['english']","tw","Institute Twitter handle","institute_twitter_handle","wmconfucius","ChinaSocialMedia20200928.xlsx"
"handle","276","['english']","tw","Institute Twitter handle","institute_twitter_handle","ChinaInstitute_","ChinaSocialMedia20200928.xlsx"
"handle","277","['english']","tw","Institute Twitter handle","institute_twitter_handle","Confuciusinsti","ChinaSocialMedia20200928.xlsx"
"handle","278","['english']","tw","Institute Twitter handle","institute_twitter_handle","ConfuciusUNL","ChinaSocialMedia20200928.xlsx"
"handle","279","['english']","tw","Institute Twitter handle","institute_twitter_handle","WSUConfucius","ChinaSocialMedia20200928.xlsx"
"handle","280","['english']","tw","Institute Twitter handle","institute_twitter_handle","ConfuciusNJCU","ChinaSocialMedia20200928.xlsx"
"handle","281","['english']","tw","Institute Twitter handle","institute_twitter_handle","CI_MiamiUniv","ChinaSocialMedia20200928.xlsx"
"handle","282","['english']","tw","Institute Twitter handle","institute_twitter_handle","Troy_CI","ChinaSocialMedia20200928.xlsx"
"handle","283","['english']","tw","Institute Twitter handle","institute_twitter_handle","uofuci","ChinaSocialMedia20200928.xlsx"
"handle","284","['english']","tw","Institute Twitter handle","institute_twitter_handle","ua_confucius","ChinaSocialMedia20200928.xlsx"
"handle","285","['english']","tw","Institute Twitter handle","institute_twitter_handle","HISD_Confucius","ChinaSocialMedia20200928.xlsx"
"handle","286","['n/a']","tw","Institute Twitter handle","institute_twitter_handle","BCPSConfucius","ChinaSocialMedia20200928.xlsx"
"handle","287","['english']","tw","Institute Twitter handle","institute_twitter_handle","TSUCI_","ChinaSocialMedia20200928.xlsx"
"handle","288","['n/a']","tw","Institute Twitter handle","institute_twitter_handle","CIMason1","ChinaSocialMedia20200928.xlsx"
"handle","289","['english']","tw","Institute Twitter handle","institute_twitter_handle","GWConfucius","ChinaSocialMedia20200928.xlsx"
"handle","290","['n/a']","tw","Institute Twitter handle","institute_twitter_handle","ConfuciusIdaho","ChinaSocialMedia20200928.xlsx"
"handle","291","['english']","tw","Institute Twitter handle","institute_twitter_handle","confuciusbiz","ChinaSocialMedia20200928.xlsx"
"handle","292","['english']","tw","Institute Twitter handle","institute_twitter_handle","UKConfucius","ChinaSocialMedia20200928.xlsx"
"handle","293","['english']","tw","Institute Twitter handle","institute_twitter_handle","UDCONFUCIUS","ChinaSocialMedia20200928.xlsx"
"handle","294","['english']","tw","Institute Twitter handle","institute_twitter_handle","WVUCI","ChinaSocialMedia20200928.xlsx"
"handle","295","['english']","tw","Institute Twitter handle","institute_twitter_handle","CI_UNCCharlotte","ChinaSocialMedia20200928.xlsx"
"handle","296","['english']","tw","Institute Twitter handle","institute_twitter_handle","WKYConfucius","ChinaSocialMedia20200928.xlsx"
"link","297","['german', 'n/a']","fb","Facebook link","institute_facebook_link","https://www.facebook.com/konfuziusinstitut/","ChinaSocialMedia20200928.xlsx"
"link","298","['n/a', 'n/a']","fb","Facebook link","institute_facebook_link","https://www.facebook.com/groups/1042824942404464","ChinaSocialMedia20200928.xlsx"
"link","299","['n/a', 'n/a']","fb","Facebook link","institute_facebook_link","https://www.facebook.com/confuciusbntu/","ChinaSocialMedia20200928.xlsx"
"link","300","['n/a', 'n/a']","fb","Facebook link","institute_facebook_link","https://www.facebook.com/CIRAC.edu","ChinaSocialMedia20200928.xlsx"
"link","301","['german', 'n/a']","fb","Facebook link","institute_facebook_link","https://www.facebook.com/Konfuzius-Institut-Bremen-594335587309645","ChinaSocialMedia20200928.xlsx"
"link","302","['german', 'n/a']","fb","Facebook link","institute_facebook_link","https://www.facebook.com/konfuziusinstitutBonn","ChinaSocialMedia20200928.xlsx"
"link","303","['german', 'n/a']","fb","Facebook link","institute_facebook_link","https://www.facebook.com/akigoettingen","ChinaSocialMedia20200928.xlsx"
"link","304","['german', 'n/a']","fb","Facebook link","institute_facebook_link","https://www.facebook.com/KonfuziusInstitutMetropoleRuhr","ChinaSocialMedia20200928.xlsx"
"link","305","['german', 'n/a']","fb","Facebook link","institute_facebook_link","https://www.facebook.com/Konfuzius-Institut-D%C3%BCsseldorf-326835230687091","ChinaSocialMedia20200928.xlsx"
"link","306","['german', 'n/a']","fb","Facebook link","institute_facebook_link","https://www.facebook.com/KonfuziusInstitutFrankfurt","ChinaSocialMedia20200928.xlsx"
"link","307","['german', 'n/a']","fb","Facebook link","institute_facebook_link","https://www.facebook.com/konfuziusinstituthamburg","ChinaSocialMedia20200928.xlsx"
"link","308","['german', 'n/a']","fb","Facebook link","institute_facebook_link","https://www.facebook.com/leibniz.konfuzius","ChinaSocialMedia20200928.xlsx"
"link","309","['german', 'n/a']","fb","Facebook link","institute_facebook_link","https://www.facebook.com/konfuziusinstitutleipzig","ChinaSocialMedia20200928.xlsx"
"link","310","['german', 'n/a']","fb","Facebook link","institute_facebook_link","https://www.facebook.com/KonfuziusInstitutTrier","ChinaSocialMedia20200928.xlsx"
"link","311","['german', 'n/a']","fb","Facebook link","institute_facebook_link","https://www.facebook.com/Konfuzius-Institut-an-der-Universit%C3%A4t-Heidelberg-e-V-787435294604775","ChinaSocialMedia20200928.xlsx"
"link","312","['german', 'n/a']","fb","Facebook link","institute_facebook_link","https://www.facebook.com/Konfuzius-Institut-an-der-Universit%C3%A4t-Freiburg-eV-641341015921819","ChinaSocialMedia20200928.xlsx"
"link","313","['german', 'n/a']","fb","Facebook link","institute_facebook_link","https://www.facebook.com/ConfuciusInstituteMunich","ChinaSocialMedia20200928.xlsx"
"link","314","['german', 'n/a']","fb","Facebook link","institute_facebook_link","https://www.facebook.com/Konfuzius-Institut-Paderborn-1229357313751054","ChinaSocialMedia20200928.xlsx"
"link","315","['german', 'n/a']","fb","Facebook link","institute_facebook_link","https://www.facebook.com/audikonfuziusinstitutingolstadt","ChinaSocialMedia20200928.xlsx"
"link","316","['german', 'english']","fb","Facebook link","institute_facebook_link","https://www.facebook.com/Konfuzius-Institut-Stralsund-100451061675916","ChinaSocialMedia20200928.xlsx"
"link","317","['german', 'n/a']","fb","Facebook link","institute_facebook_link","https://www.facebook.com/KonfuziusInstitutNuernbergErlangen","ChinaSocialMedia20200928.xlsx"
"link","318","['japanese', 'n/a']","fb","Facebook link","institute_facebook_link","https://www.facebook.com/%E5%B7%A5%E5%AD%A6%E9%99%A2%E5%A4%A7%E5%AD%A6%E5%AD%94%E5%AD%90%E5%AD%A6%E9%99%A2-213615678678992/","ChinaSocialMedia20200928.xlsx"
"link","319","['romanian', 'n/a']","fb","Facebook link","institute_facebook_link","https://www.facebook.com/icmoldova","ChinaSocialMedia20200928.xlsx"
"link","320","['russian', 'n/a']","fb","Facebook link","institute_facebook_link","https://www.facebook.com/confucius.info","ChinaSocialMedia20200928.xlsx"
"link","321","['russian', 'n/a']","fb","Facebook link","institute_facebook_link","https://www.facebook.com/knlukongzixueyuan","ChinaSocialMedia20200928.xlsx"
"link","322","['english', 'n/a']","fb","Facebook link","institute_facebook_link","https://www.facebook.com/ConfuciusMCR","ChinaSocialMedia20200928.xlsx"
"link","323","['english', 'n/a']","fb","Facebook link","institute_facebook_link","https://www.facebook.com/BrookesConfuciusInstitute/","ChinaSocialMedia20200928.xlsx"
"link","324","['english', 'n/a']","fb","Facebook link","institute_facebook_link","https://www.facebook.com/CIScotland/","ChinaSocialMedia20200928.xlsx"
"link","325","['english', 'n/a']","fb","Facebook link","institute_facebook_link","https://www.facebook.com/SCIBC/","ChinaSocialMedia20200928.xlsx"
"link","326","['english', 'n/a']","fb","Facebook link","institute_facebook_link","https://www.facebook.com/SheffieldCI/","ChinaSocialMedia20200928.xlsx"
"link","327","['english', 'n/a']","fb","Facebook link","institute_facebook_link","https://www.facebook.com/BCIUL/","ChinaSocialMedia20200928.xlsx"
"link","328","['english', 'n/a']","fb","Facebook link","institute_facebook_link","https://www.facebook.com/UCLIOEConfuciusInstitute/","ChinaSocialMedia20200928.xlsx"
"link","329","['english', 'n/a']","fb","Facebook link","institute_facebook_link","https://www.facebook.com/SotonCI/","ChinaSocialMedia20200928.xlsx"
"link","330","['english', 'n/a']","fb","Facebook link","institute_facebook_link","https://www.facebook.com/confuciusinstituteaberdeen/","ChinaSocialMedia20200928.xlsx"
"link","331","['english', 'n/a']","fb","Facebook link","institute_facebook_link","https://www.facebook.com/CIBLLSE/","ChinaSocialMedia20200928.xlsx"
"link","332","['english', 'n/a']","fb","Facebook link","institute_facebook_link","https://www.facebook.com/LancsUniCI/","ChinaSocialMedia20200928.xlsx"
"link","333","['english', 'n/a']","fb","Facebook link","institute_facebook_link","https://www.facebook.com/ConfuciusInstitute4TCM/","ChinaSocialMedia20200928.xlsx"
"link","334","['english', 'n/a']","fb","Facebook link","institute_facebook_link","https://www.facebook.com/nottinghamci/","ChinaSocialMedia20200928.xlsx"
"link","335","['english', 'n/a']","fb","Facebook link","institute_facebook_link","https://www.facebook.com/CardiffConfuciusInstitute/","ChinaSocialMedia20200928.xlsx"
"link","336","['english', 'n/a']","fb","Facebook link","institute_facebook_link","https://www.facebook.com/UCLanConfuciusInstitute/","ChinaSocialMedia20200928.xlsx"
"link","337","['english', 'n/a']","fb","Facebook link","institute_facebook_link","https://www.facebook.com/confuciusheritage/","ChinaSocialMedia20200928.xlsx"
"link","338","['english', 'n/a']","fb","Facebook link","institute_facebook_link","https://www.facebook.com/CIatGlasgowUni/","ChinaSocialMedia20200928.xlsx"
"link","339","['english', 'n/a']","fb","Facebook link","institute_facebook_link","https://www.facebook.com/cissstrathclyde/","ChinaSocialMedia20200928.xlsx"
"link","340","['english', 'n/a']","fb","Facebook link","institute_facebook_link","https://www.facebook.com/bangorconfuciusinstitute/","ChinaSocialMedia20200928.xlsx"
"link","341","['english', 'n/a']","fb","Facebook link","institute_facebook_link","https://www.facebook.com/hullconfuciusinstitute/","ChinaSocialMedia20200928.xlsx"
"link","342","['english', 'n/a']","fb","Facebook link","institute_facebook_link","https://www.facebook.com/QMULCI/","ChinaSocialMedia20200928.xlsx"
"link","343","['n/a', 'n/a']","fb","Facebook link","institute_facebook_link","https://www.facebook.com/wmconfuciusinstitute/","ChinaSocialMedia20200928.xlsx"
"link","344","['n/a', 'n/a']","fb","Facebook link","institute_facebook_link","https://www.facebook.com/chinainstitute/","ChinaSocialMedia20200928.xlsx"
"link","345","['n/a', 'n/a']","fb","Facebook link","institute_facebook_link","https://www.facebook.com/ConfuciusInstituteAtMichiganStateUniversity/","ChinaSocialMedia20200928.xlsx"
"link","346","['n/a', 'n/a']","fb","Facebook link","institute_facebook_link","https://www.facebook.com/us.china.institute.bryantuniversity/","ChinaSocialMedia20200928.xlsx"
"link","347","['n/a', 'n/a']","fb","Facebook link","institute_facebook_link","https://www.facebook.com/UCLA.CI/","ChinaSocialMedia20200928.xlsx"
"link","348","['n/a', 'n/a']","fb","Facebook link","institute_facebook_link","https://www.facebook.com/ciucdavis/","ChinaSocialMedia20200928.xlsx"
"link","349","['n/a', 'n/a']","fb","Facebook link","institute_facebook_link","https://www.facebook.com/PortlandState.Confucius.Institute/","ChinaSocialMedia20200928.xlsx"
"link","350","['n/a', 'n/a']","fb","Facebook link","institute_facebook_link","https://www.facebook.com/CCDEdu#_ga=2.179842850.766091689.1598087978-1307792581.1598087978","ChinaSocialMedia20200928.xlsx"
"link","351","['n/a', 'n/a']","fb","Facebook link","institute_facebook_link","https://www.facebook.com/confuciusunl","ChinaSocialMedia20200928.xlsx"
"link","352","['n/a', 'n/a']","fb","Facebook link","institute_facebook_link","https://www.facebook.com/ciwsu/","ChinaSocialMedia20200928.xlsx"
"link","353","['n/a', 'n/a']","fb","Facebook link","institute_facebook_link","https://www.facebook.com/cirutgers/","ChinaSocialMedia20200928.xlsx"
"link","354","['n/a', 'n/a']","fb","Facebook link","institute_facebook_link","https://www.facebook.com/ucaci2008/","ChinaSocialMedia20200928.xlsx"
"link","355","['n/a', 'n/a']","fb","Facebook link","institute_facebook_link","https://www.facebook.com/UWPlattevilleConfuciusInstitute/","ChinaSocialMedia20200928.xlsx"
"link","356","['n/a', 'n/a']","fb","Facebook link","institute_facebook_link","https://www.facebook.com/troyci/","ChinaSocialMedia20200928.xlsx"
"link","357","['n/a', 'n/a']","fb","Facebook link","institute_facebook_link","https://www.facebook.com/ciecoesc/","ChinaSocialMedia20200928.xlsx"
"link","358","['n/a', 'n/a']","fb","Facebook link","institute_facebook_link","https://www.facebook.com/CentralConnecticutStateUniversity","ChinaSocialMedia20200928.xlsx"
"link","359","['n/a', 'n/a']","fb","Facebook link","institute_facebook_link","https://www.facebook.com/tsucitx","ChinaSocialMedia20200928.xlsx"
"link","360","['n/a', 'n/a']","fb","Facebook link","institute_facebook_link","https://www.facebook.com/websteru","ChinaSocialMedia20200928.xlsx"
"link","361","['n/a', 'n/a']","fb","Facebook link","institute_facebook_link","https://www.facebook.com/GSUConfuciusInstitute/","ChinaSocialMedia20200928.xlsx"
"link","362","['n/a', 'n/a']","fb","Facebook link","institute_facebook_link","https://www.facebook.com/UniversityofAkron","ChinaSocialMedia20200928.xlsx"
"link","363","['n/a', 'n/a']","fb","Facebook link","institute_facebook_link","https://www.facebook.com/clevelandstateuniversity","ChinaSocialMedia20200928.xlsx"
"link","364","['n/a', 'n/a']","fb","Facebook link","institute_facebook_link","https://www.facebook.com/exploreutci/","ChinaSocialMedia20200928.xlsx"
"link","365","['n/a', 'n/a']","fb","Facebook link","institute_facebook_link","https://www.facebook.com/CIatAlfred/","ChinaSocialMedia20200928.xlsx"
"link","366","['n/a', 'n/a']","fb","Facebook link","institute_facebook_link","https://www.facebook.com/TheConfuciusInstituteAtStonyBrookUniversity/","ChinaSocialMedia20200928.xlsx"
"link","367","['n/a', 'n/a']","fb","Facebook link","institute_facebook_link","https://www.facebook.com/PresbyterianCollege","ChinaSocialMedia20200928.xlsx"
"link","368","['n/a', 'n/a']","fb","Facebook link","institute_facebook_link","https://www.facebook.com/WMUInternationl/","ChinaSocialMedia20200928.xlsx"
"link","369","['n/a', 'n/a']","fb","Facebook link","institute_facebook_link","https://www.facebook.com/GWConfucius","ChinaSocialMedia20200928.xlsx"
"link","370","['n/a', 'n/a']","fb","Facebook link","institute_facebook_link","https://www.facebook.com/CIatWesleyan/","ChinaSocialMedia20200928.xlsx"
"link","371","['n/a', 'n/a']","fb","Facebook link","institute_facebook_link","https://www.facebook.com/NCCCIB/","ChinaSocialMedia20200928.xlsx"
"link","372","['n/a', 'n/a']","fb","Facebook link","institute_facebook_link","https://www.facebook.com/ubconfucius","ChinaSocialMedia20200928.xlsx"
"link","373","['n/a', 'n/a']","fb","Facebook link","institute_facebook_link","https://www.facebook.com/UKconfucius/","ChinaSocialMedia20200928.xlsx"
"link","374","['n/a', 'n/a']","fb","Facebook link","institute_facebook_link","https://www.facebook.com/cinstitute","ChinaSocialMedia20200928.xlsx"
"link","375","['n/a', 'n/a']","fb","Facebook link","institute_facebook_link","https://www.facebook.com/GSUConfuciusInstitute","ChinaSocialMedia20200928.xlsx"
"link","376","['n/a', 'n/a']","fb","Facebook link","institute_facebook_link","https://www.facebook.com/CITUFTS/","ChinaSocialMedia20200928.xlsx"
"link","377","['n/a', 'n/a']","fb","Facebook link","institute_facebook_link","https://www.facebook.com/ConfuciusInstituteNJCU/","ChinaSocialMedia20200928.xlsx"
"link","378","['n/a', 'n/a']","fb","Facebook link","institute_facebook_link","https://www.facebook.com/savannahstate","ChinaSocialMedia20200928.xlsx"
"link","379","['n/a', 'n/a']","fb","Facebook link","institute_facebook_link","https://www.facebook.com/CIUNCCharlotte/","ChinaSocialMedia20200928.xlsx"
"link","380","['n/a', 'n/a']","fb","Facebook link","institute_facebook_link","https://www.facebook.com/ciwky/","ChinaSocialMedia20200928.xlsx"
"link","381","['n/a', 'n/a']","fb","Facebook link","institute_facebook_link","https://www.facebook.com/cccsdsu/","ChinaSocialMedia20200928.xlsx"
"handle","382","[]","tw","Institute Twitter Handle","institute_twitter_handle","ConfuciusGSU","ChinaTwitter20200928.xlsx"
